median_amplitude,std_amplitude,var_amplitude,n_samples,median_quality,median_pwv,det_uid,feedhorn,type,col,row,bias,wafer,module,detnum,file_name,az_off,el_off,rot,eff_rel,Tc,kappa,Rn,det_qual,performance,surviving_spans
0.015499054797450817,0.0018132745954842853,3.2879647586286983e-06,81509,0.9999972592970109,0.94,0,1,V,3,0,1,W7,0,1,mcew1_filt_r00c03,-1.172615423514743,-5.543080188993149,-45.0,1.1427,167.94,27906.7,11.49,,good,284
0.01915663847459432,0.001718339845582132,2.952691824915225e-06,81834,0.9999975722662441,0.94,1,1,H,3,1,1,W7,0,1,mcew1_filt_r01c03,-1.172787310853282,-5.548351400708353,45.0,0.9438,0.0,0.0,0.0,,good,284
0.01501109650081619,0.002075322324957272,4.306962752466058e-06,10666,0.9999961513574305,1.11,2,5,H,3,2,1,W7,0,5,mcew1_filt_r02c03,-2.2705744463239395,-4.9237128124567295,45.0,1.1734,167.72,27737.33,10.81,,good,250
0.015452566063540119,0.0016102009184311547,2.5927469977165343e-06,70040,0.9999968182215548,0.93,3,5,V,3,3,1,W7,0,5,mcew1_filt_r03c03,-2.2686263898204944,-4.92187934751231,-45.0,1.1624,168.52,22579.07,12.92,,good,267
0.016521239017412127,0.0016843276784520441,2.8369597283996523e-06,80602,0.9999968388067951,0.94,4,11,H,3,4,1,W7,0,11,mcew1_filt_r04c03,-3.400561809880949,-5.483377986740518,45.0,1.1692,163.22,26447.96,11.49,,good,276
0.015172949449414028,0.0017194025071513037,2.956344981598189e-06,82240,0.9999965921763316,0.94,6,11,V,3,6,1,W7,0,11,mcew1_filt_r06c03,-3.3973532462282163,-5.475872239624304,-45.0,0.9296,159.29,26166.57,11.15,,good,285
0.006831402281769509,0.002977476731855132,8.865367688738716e-06,82074,0.9999969869419981,0.94,7,10,V,3,7,1,W7,0,10,mcew1_filt_r07c03,-3.3588504823954253,-4.2657280805284925,-45.0,2.0207,160.88,26094.25,11.35,,bad,0
0.01597874382683332,0.003486875304987042,1.2158299392528479e-05,82294,0.9999973349816313,0.94,8,10,H,3,8,1,W7,0,10,mcew1_filt_r08c03,-3.3623455249457233,-4.2743797432349675,45.0,0.7525,136.07,29653.0,9.39,,ok,221
0.017386974671032562,0.001600023632501597,2.5600756245636055e-06,81938,0.9999979223758123,0.94,9,16,H,3,9,1,W7,0,16,mcew1_filt_r09c03,-4.443344997019047,-3.6150199125984157,45.0,1.1146,160.05,25747.1,10.78,,good,285
0.015687640154168583,0.002003699058133255,4.014809915564094e-06,81910,0.9999973452151887,0.94,10,16,V,3,10,1,W7,0,16,mcew1_filt_r10c03,-4.436068433020886,-3.6022429537669987,-45.0,1.1954,167.54,14996.54,9.08,,good,277
0.016961647177635507,0.0018357312186716374,3.369909107205655e-06,81736,0.9999977678946321,0.94,11,23,H,3,11,1,W7,0,23,mcew1_filt_r11c03,-5.5438823299063325,-4.132515393160576,45.0,1.303,156.88,28747.52,10.64,,good,282
0.01638243328632755,0.0021426920497771293,4.591129220178116e-06,81994,0.9999958338111283,0.94,12,23,V,3,12,1,W7,0,23,mcew1_filt_r12c03,-5.5392413717657725,-4.12071246258088,-45.0,1.1268,153.78,29447.83,8.9,,good,277
0.01736656374399379,0.0019950642738048702,3.980281456612553e-06,82296,0.9999978131824296,0.94,13,29,H,3,13,1,W7,0,29,mcew1_filt_r13c03,-6.667739045055442,-4.627207153476529,45.0,1.3859,149.81,30059.92,10.65,,good,271
0.014964746445413755,0.0024082410649901797,5.799625027105035e-06,82194,0.9999969708862779,0.94,15,34,V,3,15,1,W7,0,34,mcew1_filt_r15c03,-7.786668323166427,-5.080817839881601,-45.0,1.3412,153.2,27731.33,7.97,,good,266
0.01739072680927746,0.0017092400720756945,2.9215016239893255e-06,82296,0.9999982414647979,0.94,16,34,H,3,16,1,W7,0,34,mcew1_filt_r16c03,-7.794976211195824,-5.094855305862306,45.0,1.2492,155.38,28115.28,10.42,,good,290
0.01541589122544553,0.0024541763046005494,6.022981334062808e-06,82296,0.999996764849618,0.94,17,35,V,3,17,1,W7,0,35,mcew1_filt_r17c03,-7.836859426019887,-6.26414757416529,-45.0,1.2734,148.12,26702.6,10.32,,good,259
0.017478203959387532,0.002129044048597092,4.532828560866698e-06,82296,0.9999979674331032,0.94,18,35,H,3,18,1,W7,0,35,mcew1_filt_r18c03,-7.846657004316623,-6.280820646003597,45.0,1.2319,163.01,12601.15,7.59,,good,267
0.017373469906942836,0.0021157852082312476,4.4765470473701444e-06,82296,0.999998098551516,0.94,19,30,H,3,19,1,W7,0,30,mcew1_filt_r19c03,-6.727956909323692,-5.814146521869541,45.0,1.3093,147.6,29002.42,8.74,,good,270
0.015326357499951291,0.00236203515446187,5.579210070913712e-06,82194,0.9999970470890659,0.94,20,30,V,3,20,1,W7,0,30,mcew1_filt_r20c03,-6.7210241200026095,-5.798218295164904,-45.0,1.3433,152.5,23425.37,11.93,,good,269
0.017552510787767248,0.0018174277067820126,3.3030434693789253e-06,82096,0.9999973306475268,0.94,22,24,H,1,21,1,W7,0,24,mcew1_filt_r21c01,-5.5933285876261225,-5.324153015473662,45.0,0.9661,161.1,16121.28,8.32,,good,285
0.015799637292309543,0.0021766220025269717,4.737683341884524e-06,82295,0.9999964952588253,0.94,23,24,V,1,20,1,W7,0,24,mcew1_filt_r20c01,-5.598084137325708,-5.316991043034527,-45.0,1.192,155.35,27849.56,8.19,,good,272
0.015778993488768794,0.001817126305476326,3.3019480100540415e-06,82018,0.9999962962430127,0.94,26,17,V,1,17,1,W7,0,17,mcew1_filt_r17c01,-4.4772068027112795,-4.809923394343747,-45.0,1.0876,158.56,26034.3,9.91,,good,278
0.01636768866158094,0.0015892666231619407,2.525768399496558e-06,81434,0.9999972574320835,0.93,29,18,H,1,14,1,W7,0,18,mcew1_filt_r14c01,-4.5206942993617085,-6.016973581345853,45.0,0.9357,157.04,28076.93,10.93,,good,280
4.12359713657309e-05,0.005847811574300266,3.4196900208520156e-05,82222,0.99484204496675,0.94,30,12,H,1,13,1,W7,0,12,mcew1_filt_r13c01,-3.4217039525212765,-6.674786425935552,45.0,0.8454,159.82,26371.15,10.95,,bad,0
3.871882119983979e-05,0.0028774028269274747,8.279447028410223e-06,80799,0.9850487489015768,0.94,32,6,H,1,11,1,W7,0,6,mcew1_filt_r11c01,-2.2961856597662873,-6.126637703333893,45.0,1.088,165.92,28497.49,9.92,,bad,0
7.961398362505337e-06,0.002712323610517789,7.356699368172255e-06,78926,0.9827241558681612,0.93,33,6,V,1,10,1,W7,0,6,mcew1_filt_r10c01,-2.294123011703816,-6.124689646830448,-45.0,1.0335,167.47,28218.2,17.4,,bad,0
0.013563588741254441,0.0033283038925556304,1.107760680120096e-05,49695,0.9999930982227161,0.95,44,19,V,0,0,1,W7,0,19,mcew1_filt_r00c00,-4.56143159859551,-7.196120723725088,-45.0,0.9638,159.24,21351.32,11.06,,good,225
0.015123707140884575,0.0031154618473209425,9.70610252211242e-06,76316,0.9999949281159332,0.95,45,19,H,0,1,1,W7,0,19,mcew1_filt_r01c00,-4.564009908673599,-7.208897682556504,45.0,0.4466,0.0,0.0,0.0,,ok,164
0.01612405587855066,0.0025660534549126093,6.58463033346894e-06,63132,0.9999898716954848,0.89,47,7,H,0,3,1,W7,0,7,mcew1_filt_r03c00,-2.3118274075733587,-7.321312001961172,45.0,0.8508,172.64,26080.57,12.38,,ok,222
0.01484109761881422,0.002189940963684656,4.795841424424079e-06,77007,0.9999964314255784,0.93,48,7,V,0,4,1,W7,0,7,mcew1_filt_r04c00,-2.3114263371167674,-7.323317354244131,-45.0,1.5718,169.1,27688.63,13.52,,good,238
0.015799014297024502,0.0016590118707888997,2.752320387418485e-06,81770,0.9999966146523604,0.94,49,3,V,0,5,1,W7,0,3,mcew1_filt_r05c00,-1.1863091148183695,-7.939476167127817,-45.0,1.0218,167.24,27192.91,11.04,,good,269
0.013602419500657563,0.001712197345561888,2.9316197501491755e-06,81890,0.9999853690536671,0.94,67,36,V,2,20,1,W7,0,36,mcew1_filt_r20c02,-7.842531708191682,-7.486553030076902,-45.0,0.1773,177.6,6775.56,8.21,,good,267
0.016617160565046495,0.0022173932798322748,4.916832957445334e-06,82208,0.9999975539336745,0.94,68,36,H,2,19,1,W7,0,36,mcew1_filt_r19c02,-7.905442474097046,-7.458478098115492,45.0,1.2219,146.74,27945.92,9.06,,good,276
0.014505032846269084,0.002471019824373684,6.105938972447752e-06,82296,0.9999966143515151,0.94,70,37,V,2,17,1,W7,0,37,mcew1_filt_r17c02,-7.959816168854961,-8.61241509750897,-45.0,1.3731,147.22,27360.43,10.41,,good,236
0.01409373472599286,0.0013591311241186556,1.8472374125480407e-06,82296,0.9999951291935257,0.94,71,37,H,2,16,1,W7,0,37,mcew1_filt_r16c02,-7.924865743351981,-8.59660146236336,45.0,0.4443,144.78,27854.51,10.08,,good,276
0.016111412884322864,0.0017239128920328406,2.971875659317032e-06,82296,0.9999962000280054,0.94,72,33,H,2,15,1,W7,0,33,mcew1_filt_r15c02,-6.89818267025706,-9.333367891122084,45.0,0.5853,146.74,28638.28,9.47,,good,288
0.015447561927682554,0.0014685590986916245,2.1566658263499567e-06,82296,0.9999934714989062,0.94,74,28,H,2,13,1,W7,0,28,mcew1_filt_r13c02,-5.779597166823153,-10.039309190502772,45.0,0.2431,150.0,27059.84,11.38,,good,285
0.014784841016554577,0.0018323552755829537,3.357525855956682e-06,82294,0.9999956614731376,0.94,75,28,V,2,12,1,W7,0,28,mcew1_filt_r12c02,-5.777248039863117,-10.033178542094872,-45.0,1.2163,160.21,10357.72,8.15,,good,281
0.01508134278653979,0.001986062081817196,3.944442592832055e-06,81663,0.9999902076946096,0.94,76,22,H,2,11,1,W7,0,22,mcew1_filt_r11c02,-4.655282085437939,-10.720957079369912,45.0,0.1888,153.01,25546.56,11.33,,good,267
0.015718376638608613,0.001983981431609157,3.93618232096992e-06,81587,0.9999954647141114,0.94,77,22,V,2,10,1,W7,0,22,mcew1_filt_r10c02,-4.6551101980994,-10.71293567023808,-45.0,1.1419,153.59,24628.54,11.79,,good,274
0.013736666564675853,0.0019527247134331726,3.8131338064526663e-06,81890,0.9999944108521595,0.94,79,15,V,2,8,1,W7,0,15,mcew1_filt_r08c02,-3.473098266744511,-10.238068249633654,-45.0,0.4656,159.45,24357.03,11.52,,good,260
0.015567194640262329,0.0016412507682186251,2.6937040841782273e-06,81860,0.9999968053501413,0.94,80,15,H,2,7,1,W7,0,15,mcew1_filt_r07c02,-3.510569706546067,-10.222999459621713,45.0,1.1118,166.86,17056.04,7.42,,good,286
0.01453379236996625,0.0015815722194362364,2.5013706852924624e-06,82296,0.9999971870402428,0.94,81,14,H,2,6,1,W7,0,14,mcew1_filt_r06c02,-3.482666661923196,-9.049696486752813,45.0,1.0386,165.13,17244.7,2.8,,good,285
0.014114971029109726,0.0015671159694422407,2.455852461680894e-06,81596,0.9999966836665495,0.94,82,14,V,2,5,1,W7,0,14,mcew1_filt_r05c02,-3.4756192810430866,-9.040471866251208,-45.0,1.1235,161.12,25152.73,10.93,,good,282
0.014637821374098555,0.0016673804196528908,2.7801574638418504e-06,55681,0.9999962702091166,0.95,84,9,H,2,3,1,W7,0,9,mcew1_filt_r03c02,-2.3668313559059175,-9.688945498780273,45.0,1.1574,175.23,17247.1,8.69,,good,281
0.015181352194938914,0.0020240618631212066,4.09682642574169e-06,57054,0.9999959295265313,0.95,85,9,V,2,2,1,W7,0,9,mcew1_filt_r02c02,-2.3660865107722477,-9.68797147052855,-45.0,1.0235,184.33,12827.35,8.81,,good,264
0.015892586069840852,0.002213288195187744,4.8986446349574216e-06,76892,0.9999967230939404,0.95,86,4,V,2,1,1,W7,0,4,mcew1_filt_r01c02,-1.1975963833824468,-9.113581280909901,-45.0,1.1065,0.0,0.0,0.0,,good,256
0.016323031262484213,0.0016797325868757246,2.8215015634122135e-06,80554,0.9999966917499051,0.94,87,4,H,2,0,1,W7,0,4,mcew1_filt_r00c02,-1.1974817918234204,-9.122462126734428,45.0,0.9494,167.93,26977.32,8.09,,good,279
0.012061461518367993,0.004776161933154016,2.281172281170951e-05,80224,0.9999945951064204,0.93,89,38,H,7,1,2,W2-3,1,1,mcew1_filt_r01c07,7.762775983109472,-5.0216885954241,45.0,0.8083,182.67,12401.03,10.13,,ok,156
0.014075027867520493,0.0028677179649842883,8.223806326693627e-06,81002,0.9999964730710293,0.93,90,42,H,7,2,2,W2-3,1,5,mcew1_filt_r02c07,6.667796340834956,-4.5436126111669415,45.0,1.2309,170.8,12029.2,10.06,,ok,213
0.01583757639331134,0.002221625077821814,4.935617986406782e-06,81610,0.9999979199701254,0.93,91,42,V,7,3,2,W2-3,1,5,mcew1_filt_r03c07,6.662582424899265,-4.5618899648316145,-45.0,1.2572,171.89,12663.86,10.07,,good,248
0.014104036177681512,0.002126251023054207,4.520943413039061e-06,82001,0.9999970864314611,0.94,92,48,H,7,4,2,W2-3,1,11,mcew1_filt_r04c07,5.601693771435032,-5.272586813911888,45.0,1.2242,0.0,0.0,10.13,,good,264
0.016619779635672696,0.002686102638626508,7.215147385236289e-06,81644,0.999997843330576,0.93,94,48,V,7,6,2,W2-3,1,11,mcew1_filt_r06c07,5.600375968506231,-5.2885723363960375,-45.0,1.1825,179.71,13071.4,10.09,,good,274
0.017685264294205447,0.003010951816950978,9.065830844000397e-06,81943,0.9999981811198045,0.94,95,47,V,7,7,2,W2-3,1,10,mcew1_filt_r07c07,5.539928921119929,-4.086850656888649,-45.0,1.2916,172.17,12792.96,10.1,,good,259
0.015305813186066084,0.002856893627015586,8.16184119608227e-06,82138,0.9999973027976927,0.94,96,47,H,7,8,2,W2-3,1,10,mcew1_filt_r08c07,5.547663851354195,-4.070120289270829,45.0,1.2824,169.62,13162.08,10.06,,good,240
0.014984508372723805,0.002452689372034801,6.0156851556924675e-06,82173,0.9999969548567745,0.94,97,53,H,7,9,2,W2-3,1,16,mcew1_filt_r09c07,4.426786516739766,-3.5712459370504215,45.0,1.2839,164.27,13754.98,9.98,,good,255
0.01663807203080745,0.0031211993705558935,9.741885510758505e-06,82196,0.9999980765590778,0.94,98,53,V,7,10,2,W2-3,1,16,mcew1_filt_r10c07,4.4234633615280075,-3.586372022841875,-45.0,1.191,158.41,13971.3,9.79,,good,253
0.011510762909236014,0.004993062141766734,2.4930669551544206e-05,82264,0.9999969690510955,0.94,102,66,V,7,14,2,W2-3,1,29,mcew1_filt_r14c07,2.2549899942963814,-4.928124587479237,-45.0,1.3738,151.42,14147.78,9.12,,ok,104
0.002977000900533994,0.003832460553003757,1.4687753890329863e-05,82292,0.9999943308579288,0.94,103,71,V,7,15,2,W2-3,1,34,mcew1_filt_r15c07,1.1509576188587978,-5.568061148860854,-45.0,1.2748,151.04,13649.01,9.14,,bad,12
0.0010342185937125773,0.0032921543415818607,1.0838280208796296e-05,82277,0.9999665724737747,0.94,106,72,H,7,18,2,W2-3,1,35,mcew1_filt_r18c07,1.1676306906971048,-6.756031841285102,45.0,1.1325,151.17,12621.62,9.62,,bad,0
0.011730083921098733,0.005671609674535041,3.2167156300279474e-05,79674,0.9999965120361264,0.93,110,61,H,5,21,2,W2-3,1,24,mcew1_filt_r21c05,3.3883005130651496,-5.452323674244426,45.0,2.2286,154.64,33676.36,9.4,,ok,121
0.014097483261097303,0.0035621829891238125,1.268914764800306e-05,81656,0.9999970659959321,0.93,113,54,H,5,18,2,W2-3,1,17,mcew1_filt_r18c05,4.47296691502731,-4.774113532148071,45.0,1.28,159.7,13818.9,9.64,,ok,198
0.01655043256079967,0.0025529036366589925,6.51731697806671e-06,82109,0.999997878670375,0.94,114,54,V,5,17,2,W2-3,1,17,mcew1_filt_r17c05,4.480988324159142,-4.8032197881407175,-45.0,0.9518,166.1,13541.12,9.97,,good,272
0.016340639637289864,0.0028124953628245264,7.910130165909464e-06,81829,0.9999979335996352,0.93,116,55,V,5,15,2,W2-3,1,18,mcew1_filt_r15c05,4.514678242512835,-5.985346311054632,-45.0,1.5735,193.66,12986.78,9.86,,good,255
0.016680565205731353,0.0026639321770852422,7.096534644110117e-06,81753,0.9999974930510115,0.93,119,49,V,5,12,2,W2-3,1,12,mcew1_filt_r12c05,5.651999465847519,-6.474308493419277,-45.0,1.213,175.92,13663.37,10.26,,good,268
0.014384389888927514,0.00305885959011114,9.356621992014891e-06,81793,0.9999969096209346,0.93,120,43,H,5,11,2,W2-3,1,6,mcew1_filt_r11c05,6.733686487275,-5.734505388346357,45.0,1.2858,170.05,13082.34,10.19,,good,251
0.016822338175322298,0.0026696237871432814,7.126891164881236e-06,82055,0.9999980344603192,0.94,121,43,V,5,10,2,W2-3,1,6,mcew1_filt_r10c05,6.7293893038115185,-5.75518916475058,-45.0,1.2337,170.58,12980.05,10.53,,good,263
0.017211062355487732,0.002357747522736666,5.5589733809708845e-06,82101,0.9999981116238981,0.94,123,39,V,5,8,2,W2-3,1,2,mcew1_filt_r08c05,7.850896892000593,-6.1955072303086185,-45.0,1.2682,172.07,13071.75,10.74,,good,268
0.014899496308373514,0.002930318711202897,8.586767749225807e-06,82130,0.9999968547429358,0.94,124,39,H,5,7,2,W2-3,1,2,mcew1_filt_r07c05,7.860980949194894,-6.177459059761997,45.0,1.2123,173.55,12259.71,10.62,,good,245
0.014391759588885663,0.002370881419622249,5.621078705910011e-06,65585,0.999996592239857,0.96,126,62,H,5,5,2,W2-3,1,25,mcew1_filt_r05c05,3.4233655301271555,-6.649518987170282,45.0,1.2022,165.7,15346.8,10.37,,good,265
0.011838245860228325,0.004309027941551879,1.8567721801074826e-05,80164,0.9999962128297077,0.94,127,68,H,5,4,2,W2-3,1,31,mcew1_filt_r04c05,2.3082177734640346,-7.3119727899005404,45.0,1.3805,159.46,13449.19,10.4,,ok,102
0.013944125564279982,0.0041246291560194295,1.7012565674685552e-05,82145,0.9999972723856495,0.94,128,68,V,5,3,2,W2-3,1,31,mcew1_filt_r03c05,2.307644815668904,-7.3206244526070146,-45.0,1.3733,156.26,15015.66,10.46,,ok,167
0.015522745711899618,0.0027268530148162784,7.435727364412627e-06,82104,0.9999975429024297,0.94,129,63,V,5,2,2,W2-3,1,26,mcew1_filt_r02c05,3.459003504984293,-7.853417906299168,-45.0,1.3236,164.18,14523.49,10.38,,good,237
0.01458274327831772,0.003391616709960845,1.1503063907285627e-05,82107,0.9999968891610064,0.94,130,63,H,5,1,2,W2-3,1,26,mcew1_filt_r01c05,3.457227335819387,-7.8391512572004105,45.0,1.2868,158.44,14976.55,10.55,,ok,222
0.01582198389731225,0.0028383353501620677,8.056147559979628e-06,82070,0.9999975024263078,0.94,132,56,V,4,0,2,W2-3,1,19,mcew1_filt_r00c04,4.568593571034645,-7.171368946975436,-45.0,1.3158,163.46,14970.34,10.09,,good,236
0.014752451647403172,0.0025629661621326006,6.568795548236713e-06,81908,0.9999967601449821,0.93,133,56,H,4,1,2,W2-3,1,19,mcew1_filt_r01c04,4.573635599631796,-7.159508720616228,45.0,1.2516,166.82,14956.6,10.24,,good,255
0.014799097383870126,0.0023516978157220613,5.5304826164719145e-06,82161,0.9999964014597925,0.94,135,44,H,4,3,2,W2-3,1,7,mcew1_filt_r03c04,6.7954513375901024,-6.911131516427016,45.0,1.2102,169.85,14214.56,10.45,,good,259
0.014701549502370405,0.0024092395579044397,5.804435247371579e-06,78623,0.9999943969969332,0.92,140,45,H,4,8,2,W2-3,1,8,mcew1_filt_r08c04,6.8621436249433305,-8.080882150966104,45.0,1.17,0.0,0.0,10.58,,good,246
0.016504927345154897,0.0026921747605511467,7.247804941348625e-06,80484,0.9999973756963664,0.93,141,45,V,4,9,2,W2-3,1,8,mcew1_filt_r09c04,6.855955680755918,-8.100706490677632,-45.0,1.1546,167.57,14498.31,10.31,,good,256
0.014798964773466474,0.0028133657596884944,7.915026897787618e-06,82208,0.9999966771709643,0.94,145,57,H,4,13,2,W2-3,1,20,mcew1_filt_r13c04,4.607497405324028,-8.331379298997302,45.0,1.2848,162.42,15442.81,10.43,,good,248
0.015650733813401475,0.0024294162646082296,5.902063386743003e-06,82070,0.9999972392839707,0.94,148,58,V,4,16,2,W2-3,1,21,mcew1_filt_r16c04,4.645770986038767,-9.503708243614478,-45.0,1.1296,173.57,13366.42,10.42,,good,262
0.006752893278361814,0.005626697195666921,3.1659721331725995e-05,82221,0.9999942925136512,0.94,154,69,V,6,21,2,W2-3,1,32,mcew1_filt_r21c06,2.338355353487916,-8.502349905064339,-45.0,1.4797,151.56,14384.7,10.05,,bad,61
0.012237952896482673,0.0043802828276701825,1.9186877650382286e-05,82258,0.9999953137944675,0.94,156,73,H,6,19,2,W2-3,1,36,mcew1_filt_r19c06,1.1937575661550701,-7.938330251537556,45.0,1.0147,150.14,13983.88,10.21,,ok,145
0.005859721063641365,0.004319699318839912,1.8659802205186e-05,82276,0.999993928188226,0.94,158,74,V,6,17,2,W2-3,1,37,mcew1_filt_r17c06,1.215071596133937,-9.144463706067452,-45.0,1.5358,152.44,14687.1,10.01,,bad,32
0.005270632177650062,0.004122253802198189,1.6992976409737425e-05,82280,0.9999921894366082,0.94,159,74,H,6,16,2,W2-3,1,37,mcew1_filt_r16c06,1.2143267510002669,-9.129853282291615,45.0,1.3216,152.25,14311.53,10.13,,bad,18
0.002508187331329494,0.003525031283224792,1.2425845547713422e-05,82278,0.9999884774198298,0.94,160,70,H,6,15,2,W2-3,1,33,mcew1_filt_r15c06,2.363622792253185,-9.66568341229796,45.0,1.495,151.98,14285.56,10.13,,bad,3
0.010451488271890083,0.004833526932430429,2.3362982606530316e-05,82272,0.9999957060497906,0.94,161,70,V,6,14,2,W2-3,1,33,mcew1_filt_r14c06,2.363794679591724,-9.674564258122489,-45.0,1.3248,155.55,14505.06,10.29,,bad,78
0.01283281048135549,0.0036952344685067685,1.36547577772405e-05,82248,0.999996148309503,0.94,162,65,H,6,13,2,W2-3,1,28,mcew1_filt_r13c06,3.518820298795951,-10.17664717399563,45.0,1.2631,161.86,14204.1,10.3,,ok,173
0.013968569862730823,0.0032458387628058645,1.0535469274133104e-05,82241,0.9999972535355124,0.94,163,65,V,6,12,2,W2-3,1,28,mcew1_filt_r12c06,3.5150960731276006,-10.184439400009408,-45.0,1.1813,160.71,14111.73,10.3,,ok,215
0.013525594725731862,0.002910284371342258,8.469755122079003e-06,80780,0.9999966228511794,0.93,164,59,H,6,11,2,W2-3,1,22,mcew1_filt_r11c06,4.699227948324474,-10.66497910278563,45.0,1.5527,190.82,12756.02,10.14,,good,226
0.015235363576687217,0.0026323090722743334,6.929051051977762e-06,81723,0.9999971872163192,0.93,167,52,V,6,8,2,W2-3,1,15,mcew1_filt_r08c06,5.8250327199770275,-9.984477129508752,-45.0,1.0654,164.83,13760.34,10.32,,good,251
0.014706620779276616,0.002913998765013294,8.491388802499003e-06,81762,0.9999959242859862,0.93,168,52,H,6,7,2,W2-3,1,15,mcew1_filt_r07c06,5.827267255378038,-9.967804057670444,45.0,1.1423,165.35,13830.38,10.34,,ok,204
0.014816172123482475,0.0025429569025919893,6.466629808440245e-06,82081,0.9999963756480538,0.94,169,51,H,6,6,2,W2-3,1,14,mcew1_filt_r06c06,5.766533729094171,-8.79982959229626,45.0,1.2174,165.47,15127.31,10.33,,good,241
0.016164509231792433,0.0024579808999364633,6.041670104452466e-06,81983,0.9999977085578315,0.94,170,51,V,6,5,2,W2-3,1,14,mcew1_filt_r05c06,5.762351137189715,-8.814611903410638,-45.0,1.1717,168.26,15053.61,10.39,,good,263
0.015172119567044017,0.0024946988195264867,6.223522200146846e-06,82140,0.9999966684648077,0.94,172,46,H,6,3,2,W2-3,1,9,mcew1_filt_r03c06,6.932273659067343,-9.24404377086119,45.0,1.1671,170.09,13967.73,10.53,,good,263
0.016552305529737812,0.002952058044322494,8.714646697049149e-06,81754,0.9999970223102451,0.93,173,46,V,6,2,2,W2-3,1,9,mcew1_filt_r02c06,6.926200306438957,-9.263982702131742,-45.0,0.799,174.41,13787.4,10.63,,good,277
0.01675172419444803,0.0028427470023373257,8.081210519297852e-06,82148,0.9999978309232398,0.94,174,41,V,6,1,2,W2-3,1,4,mcew1_filt_r01c06,8.014705525628495,-8.53025294968721,-45.0,1.2234,171.2,13925.83,10.8,,good,271
0.016163375441538497,0.0019591299947390277,3.838190336286143e-06,80471,0.9999973443037314,0.93,177,149,H,15,1,3,W2-4,4,1,mcew1_filt_r01c15,5.540387287356035,-1.5589035689919437,45.0,1.5031,187.39,15232.43,10.95,,good,283
0.017923783412159697,0.002710223250113807,7.345310065457447e-06,81831,0.9999970096745465,0.93,180,159,H,15,4,3,W2-4,4,11,mcew1_filt_r04c15,7.674712369997865,-1.3246211265629502,45.0,1.2126,166.55,16113.19,10.58,,good,265
0.020803583141439843,0.0027053043357597537,7.3186715490805214e-06,78873,0.9999956335626062,0.93,182,159,V,15,6,3,W2-4,4,11,mcew1_filt_r06c15,7.665373157937231,-1.3462216354393823,-45.0,1.2816,0.0,0.0,10.89,,good,249
0.019346244408999246,0.0025261254371346923,6.38130972413894e-06,81123,0.9999905822460969,0.93,183,158,V,15,7,3,W2-4,4,10,mcew1_filt_r07c15,7.681645159318947,-2.5197537914263344,-45.0,0.4845,0.0,0.0,0.0,,good,264
0.024663714980222285,0.0036423715987470144,1.3266870863358882e-05,81724,0.9999956912299558,0.94,204,166,V,13,15,3,W2-4,4,18,mcew1_filt_r15c13,8.683920230341297,-0.5921518812677058,-45.0,1.1421,163.8,14304.54,10.71,,good,260
0.017041870967163544,0.00394358651117841,1.5551874571148307e-05,81811,0.999996887652275,0.94,205,166,H,13,14,3,W2-4,4,18,mcew1_filt_r14c13,8.695608569361966,-0.5684887243288028,45.0,1.3209,0.0,0.0,11.38,,good,228
0.018928071742308476,0.002764625538064614,7.643154365719056e-06,82001,0.9999974591069165,0.94,206,160,H,13,13,3,W2-4,4,12,mcew1_filt_r13c13,7.618218731397965,-0.10805984016167326,45.0,1.1805,163.83,14494.55,11.07,,good,271
0.021650161271266517,0.003022911844576847,9.137996020082996e-06,68750,0.9999859073794991,0.92,208,154,H,13,11,3,W2-4,4,6,mcew1_filt_r11c13,6.617089575965877,-0.8082715615910523,45.0,0.4538,0.0,0.0,11.28,,ok,195
0.021543817137832273,0.0026061539233491592,6.792038272188216e-06,79527,0.9999983664505917,0.93,209,154,V,13,10,3,W2-4,4,6,mcew1_filt_r10c13,6.580019206620913,-0.8606971998455227,-45.0,1.3826,173.39,16351.97,10.5,,good,262
0.021299562805408564,0.0019252269538349064,3.706498823772433e-06,80215,0.999998507984988,0.94,211,150,V,13,8,3,W2-4,4,2,mcew1_filt_r08c13,5.4744971409159895,-0.3475561985263574,-45.0,1.3134,171.39,15390.27,10.98,,good,287
0.01590422838949928,0.003189066312664928,1.0170143946574281e-05,81726,0.9999979527742034,0.94,212,150,H,13,7,3,W2-4,4,2,mcew1_filt_r07c13,5.484466606551266,-0.3381596906862119,45.0,1.4375,172.39,15363.64,10.67,,good,235
0.01599055269003018,0.002286053323775504,5.226039799145029e-06,81601,0.9999967563476752,0.93,214,173,H,13,5,3,W2-4,4,25,mcew1_filt_r05c13,9.705962345295658,0.19921742536698725,45.0,1.3877,196.69,15130.34,10.44,,good,257
0.018671531246861096,0.0038947642399249165,1.5169188484597913e-05,81914,0.9999970756885613,0.93,215,179,H,13,4,3,W2-4,4,31,mcew1_filt_r04c13,10.689272513299178,0.9776378858317236,45.0,1.224,156.34,15142.33,10.38,,good,239
0.023236877301253303,0.0035535802592952716,1.262793265925305e-05,81817,0.999998677400896,0.94,216,179,V,13,3,3,W2-4,4,31,mcew1_filt_r03c13,10.676552850247273,0.9468127564536855,-45.0,1.2298,159.85,14706.13,10.55,,good,249
0.023792315847717425,0.002133947060644706,4.553730057634181e-06,81631,0.999998672644436,0.93,217,174,V,13,2,3,W2-4,4,26,mcew1_filt_r02c13,9.61193997111469,1.3814012440604149,-45.0,1.3051,179.22,14259.1,10.6,,good,280
0.024957432992024305,0.002489874797624764,6.19947650784696e-06,81972,0.9999988181602661,0.94,220,167,V,12,0,3,W2-4,4,19,mcew1_filt_r00c12,8.61894681637346,0.6202268132291161,-45.0,1.2135,172.74,14007.64,11.05,,good,279
0.016545961248495472,0.004163970087240753,1.7338646887435764e-05,82086,0.9999981992056747,0.94,223,155,H,12,3,3,W2-4,4,7,mcew1_filt_r03c12,6.5321772307274895,0.3767197502985163,45.0,1.4863,171.41,14337.93,11.06,,good,228
0.025193834948375994,0.004039421947315961,1.6316929668457876e-05,82128,0.9999986682033071,0.94,224,155,V,12,4,3,W2-4,4,7,mcew1_filt_r04c12,6.5202024128092555,0.3576402557206599,-45.0,1.1639,173.4,15130.71,10.77,,good,233
0.016841461233104885,0.006992123389100052,4.88897894884e-05,82083,0.9999975682695974,0.94,225,151,V,12,5,3,W2-4,4,3,mcew1_filt_r05c12,5.418691051670248,0.8724428346457045,-45.0,0.5369,0.0,0.0,10.85,,ok,138
0.01856626403574268,0.0038160321869871155,1.4562101652121669e-05,82096,0.9999979922718905,0.94,226,151,H,12,6,3,W2-4,4,3,mcew1_filt_r06c12,5.438916461838366,0.8859073428312789,45.0,1.4082,172.77,15607.64,11.12,,good,226
0.018774576654541002,0.002211409199684831,4.890330648450704e-06,82053,0.9999980749876852,0.94,228,156,H,12,8,3,W2-4,4,8,mcew1_filt_r08c12,6.476772211938339,1.6100687000971263,45.0,1.2606,172.98,15379.4,10.91,,good,270
0.020980520687219145,0.0021796701780187754,4.7509620849444e-06,81906,0.9999987873766167,0.93,229,156,V,12,9,3,W2-4,4,8,mcew1_filt_r09c12,6.4624482670600685,1.590358951944626,-45.0,1.3393,169.72,15553.57,10.73,,good,284
0.02146568301051052,0.0024794439897301624,6.1476424982090266e-06,81949,0.9999975102596754,0.94,230,161,H,12,10,3,W2-4,4,13,mcew1_filt_r10c12,7.55158373982425,1.114288319970425,45.0,1.0411,169.07,13580.12,10.69,,good,273
0.02138227264791112,0.0022192149051830437,4.924914795386586e-06,81998,0.9999984965628486,0.94,231,161,V,12,11,3,W2-4,4,13,mcew1_filt_r11c12,7.538176527418188,1.0929169942120454,-45.0,1.1701,167.72,14185.96,10.72,,good,276
0.016102918028163205,0.0032485180560726384,1.0552869560629954e-05,82127,0.9999968334690158,0.94,233,168,H,12,13,3,W2-4,4,20,mcew1_filt_r13c12,8.557583036514949,1.8662381303001172,45.0,1.1982,167.64,14572.36,10.12,,ok,206
0.0165823054743423,0.0020838483654642436,4.342424010247999e-06,82004,0.9999977160495808,0.94,235,169,H,12,15,3,W2-4,4,21,mcew1_filt_r15c12,8.500058073883816,3.079762740387201,45.0,1.1106,166.65,16057.93,10.4,,good,267
0.022843542128102738,0.002948860281161204,8.695776957810134e-06,82136,0.9999988228977588,0.94,236,169,V,12,16,3,W2-4,4,21,mcew1_filt_r16c12,8.473587423748771,3.056214175007324,-45.0,0.7471,163.89,15686.01,10.55,,good,242
0.023240522646009804,0.001539767196319661,2.3708830188621098e-06,80563,0.9999989581724639,0.93,239,175,V,12,19,3,W2-4,4,27,mcew1_filt_r19c12,9.535049035008134,2.596759319091917,-45.0,1.1458,190.17,13841.25,10.4,,good,279
0.022255258120733562,0.002475927731389254,6.130218131062337e-06,81867,0.9999988805999545,0.93,242,180,V,14,21,3,W2-4,4,32,mcew1_filt_r21c14,10.59358856151233,2.1549515632665392,-45.0,0.9386,150.77,15061.21,10.21,,good,261
0.02062987611203908,0.007329518099834705,5.372183557580454e-05,81723,0.9999987269688801,0.93,243,184,V,14,20,3,W2-4,4,36,mcew1_filt_r20c14,11.645367186033981,1.7306190201926515,-45.0,1.3031,150.85,15233.84,10.25,,ok,147
0.015356444455320018,0.003612122957782935,1.3047432262142539e-05,81995,0.9999975414791608,0.94,248,181,H,14,15,3,W2-4,4,33,mcew1_filt_r15c14,10.52964647157573,3.3932279501032743,45.0,1.1614,173.88,15323.02,10.17,,good,229
0.023493076996223695,0.003916936600530323,1.5342392332574038e-05,82007,0.9999988333371245,0.94,253,170,V,14,10,3,W2-4,4,22,mcew1_filt_r10c14,8.40849941822191,4.2826876312643645,-45.0,1.1656,167.25,16242.06,10.48,,good,238
0.022884475189986517,0.0021205211177714265,4.4966098109145805e-06,81903,0.9999989218071035,0.94,255,163,V,14,8,3,W2-4,4,15,mcew1_filt_r08c14,7.421063954093449,3.542827230411932,-45.0,1.1753,169.59,15649.2,10.39,,good,283
0.016708174497278405,0.0035077282036805953,1.2304157150896296e-05,81912,0.999997963419112,0.94,257,162,H,14,6,3,W2-4,4,14,mcew1_filt_r06c14,7.500705087616633,2.3521636363505687,45.0,1.1902,163.28,12797.09,10.74,,good,233
0.021322837005765517,0.0026124063760709177,6.824667073735986e-06,81806,0.9999987265543353,0.93,261,157,V,14,2,3,W2-4,4,9,mcew1_filt_r02c14,6.408074572302153,2.8209004085470952,-45.0,0.9092,176.28,16162.06,10.62,,good,274
0.020448148163938386,0.0020221938062085377,4.089267789868173e-06,81830,0.9999987248706008,0.93,262,152,V,14,1,3,W2-4,4,4,mcew1_filt_r01c14,5.382021752781875,2.09771307953297,-45.0,1.2009,176.2,15998.01,10.58,,good,286
0.01613271472275589,0.0025533293378546887,6.519490707549462e-06,81841,0.9999979760432463,0.93,263,152,H,14,0,3,W2-4,4,4,mcew1_filt_r00c14,5.391876626858124,2.1181676728191405,45.0,1.1406,180.49,16325.88,10.72,,good,275
0.018458163120821956,0.002921493642868645,8.535125105321905e-06,81426,0.9999985111765683,0.93,264,112,V,19,0,4,W2-2,3,1,mcew1_filt_r00c19,3.1260004344542587,1.9386026998251402,-45.0,1.1953,159.19,15548.23,11.08,,good,263
0.016764326888541056,0.002877540894759589,8.280241601013815e-06,81317,0.9999981893370461,0.93,265,112,H,19,1,4,W2-2,3,1,mcew1_filt_r01c19,3.1327613364368023,1.9472543625316159,45.0,1.1417,159.2,15802.86,10.98,,good,264
0.016825000510306765,0.0027642046754281914,7.640827487659074e-06,81355,0.999998223929294,0.93,266,116,H,19,2,4,W2-2,3,5,mcew1_filt_r02c19,2.0607000059675187,2.509727030011545,45.0,1.1966,0.0,0.0,10.94,,good,264
0.018469110136257877,0.003002876963481048,9.017270057805157e-06,79273,0.9999983757715007,0.94,267,116,V,19,3,4,W2-2,3,5,mcew1_filt_r03c19,2.0576060338738125,2.4988981276835722,-45.0,1.1762,156.6,16566.99,10.94,,good,257
0.017131526249035835,0.0027732567549765604,7.690953029023121e-06,81691,0.9999983100549855,0.93,268,122,H,19,4,4,W2-2,3,11,mcew1_filt_r04c19,1.0274279182285921,1.855351932192632,45.0,1.2324,155.75,16579.02,11.06,,good,263
0.018359073763192166,0.002799788008627542,7.838812893254576e-06,81742,0.9999983929133993,0.94,270,122,V,19,6,4,W2-2,3,11,mcew1_filt_r06c19,1.026511185756383,1.8463564948090776,-45.0,1.165,151.71,15646.23,11.03,,good,245
0.01748030452703972,0.0027991750272773983,7.835380833333422e-06,82332,0.9999982262381604,0.94,272,121,H,19,8,4,W2-2,3,10,mcew1_filt_r08c19,1.0129893817912956,3.0822837546857764,45.0,1.2278,151.63,15936.2,10.71,,ok,223
0.017618348570896173,0.004168575434644419,1.7377021154320906e-05,82291,0.9999983997659144,0.94,277,140,H,19,13,4,W2-2,3,29,mcew1_filt_r13c19,-2.0941034454236456,2.458103532670258,45.0,1.4279,144.52,17696.3,11.21,,ok,197
0.002627187546050136,0.006487670270709197,4.2089865541443954e-05,81942,0.9999757218752243,0.94,280,145,H,19,16,4,W2-2,3,34,mcew1_filt_r16c19,-3.1540753664156687,1.8836560472720947,45.0,1.3765,134.91,17756.23,11.1,,bad,33
0.011757028514473767,0.005235545982920894,2.7410941739279115e-05,82059,0.9999971049110051,0.94,281,146,V,19,17,4,W2-2,3,35,mcew1_filt_r17c19,-3.170232776238358,0.6541459147008609,-45.0,1.434,141.23,18479.12,11.04,,bad,96
0.01563271786035018,0.006003421548708741,3.6041070291500454e-05,81905,0.9999978913980245,0.94,282,146,H,19,18,4,W2-2,3,35,mcew1_filt_r18c19,-3.1667950294675733,0.6519113792998507,45.0,1.3286,139.83,17762.06,10.87,,ok,129
0.0003068252769433991,0.005658374998070351,3.201720761878765e-05,82105,0.9996425041034016,0.94,287,135,V,17,20,4,W2-2,3,24,mcew1_filt_r20c17,-1.050231638474799,1.828308324262457,-45.0,0.4888,132.31,16800.0,10.51,,bad,0
0.016045362517801552,0.006545325946929538,4.284129175154905e-05,82160,0.9999959143478341,0.94,289,128,H,17,18,4,W2-2,3,17,mcew1_filt_r18c17,-0.0132926208470351,2.4453265738388406,45.0,1.3062,146.84,15919.03,10.81,,ok,180
0.016414120609287253,0.0034511164185949505,1.1910204534695639e-05,82131,0.9999981013606984,0.94,293,129,H,17,14,4,W2-2,3,18,mcew1_filt_r14c17,-0.006703606203030631,1.2232648926043077,45.0,1.2283,150.93,16273.24,11.03,,good,251
0.016345029406899542,0.002650775369585155,7.026610059999317e-06,82059,0.9999979704806579,0.94,294,123,H,17,13,4,W2-2,3,12,mcew1_filt_r13c17,1.0424967082405328,0.6297952084078009,45.0,1.1894,152.58,16278.82,10.99,,good,265
0.017103148212169662,0.0026447217153150685,6.994552951459079e-06,67896,0.9999980981361092,0.95,295,123,V,17,12,4,W2-2,3,12,mcew1_filt_r12c17,1.0392308488082873,0.6231488979842834,-45.0,1.1922,155.81,16023.64,10.76,,good,269
0.01489186115402791,0.005746628904836448,3.302374376990176e-05,80706,0.9999976631305073,0.94,301,136,V,17,6,4,W2-2,3,25,mcew1_filt_r06c17,-1.050231638474799,0.6052153189966886,-45.0,1.4229,139.83,17229.59,10.87,,ok,158
0.01667654191231469,0.005134796803913488,2.6366138217480174e-05,82291,0.9999977087789919,0.94,302,136,H,17,5,4,W2-2,3,25,mcew1_filt_r05c17,-1.0462782296883963,0.6097416855782221,45.0,1.3302,139.76,18043.16,10.81,,ok,145
0.00971194609581836,0.004613107742731095,2.1280763046045585e-05,82070,0.9999977763806053,0.94,303,142,H,17,4,4,W2-2,3,31,mcew1_filt_r04c17,-2.109000348097047,0.011745634800181875,45.0,1.331,142.32,17516.03,10.29,,bad,12
0.012496282675036604,0.003558571551063598,1.2663431484039181e-05,82050,0.9999978944702248,0.94,304,142,V,17,3,4,W2-2,3,31,mcew1_filt_r03c17,-2.1122662075292933,0.01306343772898277,-45.0,1.2404,144.98,17048.53,10.37,,ok,166
0.014408470762147619,0.0031409809300878173,9.86576120317533e-06,82018,0.9999979884463562,0.94,305,137,V,17,2,4,W2-2,3,26,mcew1_filt_r02c17,-1.057221723575395,-0.6174766158124882,-45.0,1.32,145.68,18518.93,10.68,,good,233
0.016453829749957363,0.0033367021448888964,1.1133581203706161e-05,81975,0.9999980877720461,0.94,306,137,H,17,1,4,W2-2,3,26,mcew1_filt_r01c17,-1.0525234696553223,-0.6127210661129023,45.0,1.2682,146.13,17810.64,10.47,,good,237
0.016558875076857292,0.002681188554062917,7.188772062437994e-06,81695,0.9999979663483071,0.94,309,130,H,16,1,4,W2-2,3,19,mcew1_filt_r01c16,0.0,0.00011459155902616463,45.0,1.3114,151.33,18670.76,11.67,,good,257
0.01766530120787922,0.002687789713488419,7.224213543934158e-06,81997,0.9999982032006888,0.94,313,114,V,16,5,4,W2-2,3,3,mcew1_filt_r05c16,3.2019173423090925,-0.5141150295708877,-45.0,1.3211,159.01,15747.51,11.93,,good,254
0.0161648225545813,0.003047421882828917,9.28678013194454e-06,81316,0.9999977241359272,0.93,314,114,H,16,6,4,W2-2,3,3,mcew1_filt_r06c16,3.209136610527741,-0.5043747470536637,45.0,1.22,162.44,16022.16,12.1,,good,250
0.015611880573407906,0.002611841909529935,6.821718160376978e-06,81502,0.9999977052688342,0.93,316,119,H,16,8,4,W2-2,3,8,mcew1_filt_r08c16,2.150711675582571,-1.1669431413429476,45.0,1.3107,156.74,16502.92,12.01,,good,248
0.01667194217609714,0.002875622418256403,8.269204292378804e-06,81638,0.9999980427786115,0.94,317,119,V,16,9,4,W2-2,3,8,mcew1_filt_r09c16,2.1451539849698023,-1.1732456770893867,-45.0,1.3077,159.07,16859.62,12.09,,good,257
0.01728285396375766,0.002772236097688449,7.685292981326879e-06,81724,0.999998108410153,0.94,319,124,V,16,11,4,W2-2,3,13,mcew1_filt_r11c16,1.0595135547559185,-0.5945010082277422,-45.0,1.2757,154.69,17630.22,11.76,,good,258
0.01700292277595427,0.0026378328207992295,6.95816199048562e-06,81951,0.9999980328075829,0.94,320,131,V,16,12,4,W2-2,3,20,mcew1_filt_r12c16,0.0029793805346802807,-1.2246972870921347,-45.0,1.2886,150.72,17894.35,11.52,,good,263
0.016537946086522044,0.0025615628287846766,6.561604125811355e-06,81988,0.9999978679184343,0.94,321,131,H,16,13,4,W2-2,3,20,mcew1_filt_r13c16,0.008938141604040842,-1.221488723439402,45.0,1.2791,152.56,17832.28,11.43,,good,254
0.01586972040075903,0.0028272415307258347,7.99329467306096e-06,82146,0.9999978166897288,0.94,323,132,H,16,15,4,W2-2,3,21,mcew1_filt_r15c16,0.02051188906568347,-2.4425190806426995,45.0,1.3212,152.65,16036.08,11.62,,good,242
0.016264476648642476,0.0029795053161064955,8.877451928706868e-06,82161,0.9999978975655415,0.94,324,132,V,16,16,4,W2-2,3,21,mcew1_filt_r16c16,0.01506879001194065,-2.4438941793510134,-45.0,1.2839,149.07,17288.57,11.41,,good,244
0.015145573131096735,0.00400305270411756,1.602443095194291e-05,35401,0.999996976331976,1.14,326,138,H,16,18,4,W2-2,3,27,mcew1_filt_r18c16,-1.0610032450232585,-1.838793451913351,45.0,1.3473,146.16,18317.34,11.31,,good,248
0.014046913069718999,0.00427435232286929,1.8270087780018093e-05,64786,0.9999972796274674,1.01,327,138,V,16,19,4,W2-2,3,27,mcew1_filt_r19c16,-1.0639253297784257,-1.8397674801650734,-45.0,1.3266,144.67,18688.74,11.05,,ok,185
0.012872549796576302,0.004300040293490644,1.8490346525643105e-05,79608,0.9999975536571992,0.95,330,143,V,18,21,4,W2-2,3,32,mcew1_filt_r21c18,-2.132548913476924,-1.2170196526373815,-45.0,1.3336,141.48,18190.83,10.28,,ok,136
0.011760439458457568,0.005235911376357264,2.741476794106742e-05,81865,0.9999964725947129,0.94,331,147,V,18,20,4,W2-2,3,36,mcew1_filt_r20c18,-3.1934948627206694,-0.5743328938391372,-45.0,1.3995,138.55,17136.51,10.31,,bad,80
0.015615203646129018,0.0046098801105928415,2.1250994634039466e-05,82209,0.999998081786815,0.94,332,147,H,18,19,4,W2-2,3,36,mcew1_filt_r19c18,-3.193208383823104,-0.5774841617123567,45.0,1.2481,144.54,18215.99,9.91,,ok,186
0.01563383521876859,0.0029852432806928794,8.911677444921986e-06,81978,0.9999978815133589,0.94,334,148,V,18,17,4,W2-2,3,37,mcew1_filt_r17c18,-3.222887597610881,-1.8059056744728417,-45.0,1.2101,149.13,17536.18,10.14,,good,231
0.014971794523456905,0.004585533757728031,2.1027119843263352e-05,82053,0.9999976135354265,0.94,336,144,H,18,15,4,W2-2,3,33,mcew1_filt_r15c18,-2.1518002953933197,-2.4518009969238186,45.0,1.3766,140.69,18364.3,10.07,,ok,159
0.014816500255589338,0.0037966047083424826,1.4414207311408308e-05,82052,0.9999975532765258,0.94,337,144,V,18,14,4,W2-2,3,33,mcew1_filt_r14c18,-2.1551234506050787,-2.44698815144472,-45.0,1.2599,142.98,18872.89,10.24,,ok,184
0.01355440733768801,0.0037303795923762785,1.3915731903217411e-05,81765,0.999997835672418,0.94,338,139,H,18,13,4,W2-2,3,28,mcew1_filt_r13c18,-1.0666755271950537,-3.065266908170391,45.0,1.3568,145.68,18052.31,10.41,,ok,184
0.014942867608572398,0.003040683760613865,9.245757732060877e-06,81797,0.9999979159038853,0.94,339,139,V,18,12,4,W2-2,3,28,mcew1_filt_r12c18,-1.0695976119502209,-3.063834513682564,-45.0,1.2005,148.26,17585.88,10.67,,good,231
0.015193122634901988,0.003018552962469292,9.11166198723214e-06,82029,0.9999978272204553,0.94,340,133,H,18,11,4,W2-2,3,22,mcew1_filt_r11c18,0.029335439110698146,-3.6682476917660694,45.0,1.2868,151.39,16334.13,10.81,,ok,217
0.015401653498012334,0.002592359323140835,6.720326860275209e-06,81928,0.9999979875336229,0.94,341,133,V,18,10,4,W2-2,3,22,mcew1_filt_r10c18,0.024236114734033823,-3.6689352411202263,-45.0,1.1694,154.81,15929.02,10.98,,good,244
0.016088400008557473,0.0024534962506306064,6.019643851858443e-06,81959,0.9999981587723711,0.94,343,126,V,18,8,4,W2-2,3,15,mcew1_filt_r08c18,1.1103349111840224,-3.0408016103183053,-45.0,1.2249,158.03,15961.34,11.01,,good,257
0.01545031649284373,0.0025833825768047116,6.673865538138151e-06,81987,0.9999979243677148,0.94,344,126,H,18,7,4,W2-2,3,15,mcew1_filt_r07c18,1.1149758693245821,-3.038051412901677,45.0,1.2001,154.32,16091.92,11.25,,good,264
0.016295986088553642,0.0026488842000938666,7.016587505506924e-06,81977,0.9999982027644386,0.94,346,125,V,18,5,4,W2-2,3,14,mcew1_filt_r05c18,1.0874165993787894,-1.8110049988495058,-45.0,1.2256,156.54,16542.09,11.15,,good,263
0.01536577680910944,0.0024435630328801554,5.971000295658462e-06,81975,0.9999978026044933,0.94,348,120,H,18,3,4,W2-2,3,9,mcew1_filt_r03c18,2.18824041116364,-2.3888902310184545,45.0,1.2282,159.83,15874.78,11.32,,good,252
0.016663152366106684,0.0026120886115129035,6.8230069143954086e-06,81773,0.9999982512518796,0.94,349,120,V,18,2,4,W2-2,3,9,mcew1_filt_r02c18,2.1821097627557404,-2.3939322596156054,-45.0,1.1829,159.27,15057.2,11.37,,good,267
0.01696989765419865,0.002531364328444562,6.407805363321587e-06,79786,0.9999983159360307,0.94,350,115,V,18,1,4,W2-2,3,4,mcew1_filt_r01c18,3.248957177289333,-1.736577781262012,-45.0,1.2399,159.7,15677.88,11.39,,good,256
0.015492442526692032,0.002638582310359117,6.962116608540055e-06,81502,0.9999979297296946,0.93,351,115,H,18,0,4,W2-2,3,4,mcew1_filt_r00c18,3.25428568478405,-1.7310773864287563,45.0,1.1572,159.96,15736.45,11.53,,good,258
0.013866192516826246,0.0017408136447638128,3.03043214579587e-06,58217,0.9999928765497009,0.94,353,75,H,23,1,5,W3,2,1,mcew1_filt_r01c23,-5.403679557437821,2.1208605744562554,45.0,1.0904,0.0,0.0,0.0,,ok,223
0.012898669282863956,0.0017052207571998784,2.9077778307853268e-06,17565,0.999993209018604,1.01,355,79,V,23,3,5,W3,2,5,mcew1_filt_r03c23,-6.429159419162968,2.84868886161094,-45.0,1.4088,195.46,13211.44,9.94,,ok,137
0.021195982522551816,0.0036684936888931015,1.3457845945448516e-05,36249,0.9999945462636908,0.98,356,85,H,23,4,5,W3,2,11,mcew1_filt_r04c23,-7.5049449753006,2.3212812111930172,45.0,0.9019,175.76,24614.95,13.75,,ok,125
0.016356078230349125,0.0033238273399666322,1.1047828185909657e-05,43186,0.9999925992818797,0.91,358,85,V,23,6,5,W3,2,11,mcew1_filt_r06c23,-7.493543115177497,2.3369802547796015,-45.0,0.9535,171.5,24987.32,11.25,,ok,158
0.01629900589238334,0.004026520215816253,1.6212865048376965e-05,11483,0.9999756617696619,0.91,359,84,V,23,7,5,W3,2,10,mcew1_filt_r07c23,-7.443924970119169,3.5686103311928195,-45.0,0.3561,175.84,20745.82,13.48,,bad,39
0.017170958445866982,0.003955297912113601,1.564438157357021e-05,29375,0.9999915012086631,0.98,360,84,H,23,8,5,W3,2,10,mcew1_filt_r08c23,-7.448852407157294,3.558468978219004,45.0,0.9538,173.05,23990.57,13.33,,ok,103
0.022834825783780006,0.003932033576506898,1.546088804677763e-05,38780,0.9999940668663625,0.94,361,90,H,23,9,5,W3,2,16,mcew1_filt_r09c23,-8.438751589804816,4.2989596326460795,45.0,0.3828,170.24,24001.2,10.78,,ok,116
0.023910052975645392,0.004091871302458844,1.674341075588624e-05,47076,0.9999897974514276,0.93,362,90,V,23,10,5,W3,2,16,mcew1_filt_r10c23,-8.415374911763479,4.291453885529866,-45.0,0.4597,169.99,19697.1,10.51,,ok,140
0.022734037222330236,0.004997387403126929,2.4973880856931717e-05,47748,0.9999800892506383,0.98,363,97,H,23,11,5,W3,2,23,mcew1_filt_r11c23,-9.501244525095416,3.7990539563944368,45.0,0.5724,161.24,25425.88,10.65,,ok,162
0.023566738696463245,0.004863735374489079,2.365592179305642e-05,48097,0.9999825505876293,0.91,365,103,H,23,13,5,W3,2,29,mcew1_filt_r13c23,-10.535662528424604,3.3586212992773725,45.0,1.0109,154.75,27626.27,10.4,,ok,190
0.02422690718571421,0.004311562165184932,1.858956830425418e-05,53107,0.9999858365347678,0.91,367,108,V,23,15,5,W3,2,34,mcew1_filt_r15c23,-11.565439573613233,2.9333720237312755,-45.0,0.6124,153.01,28005.78,11.07,,ok,174
0.020790850738761493,0.004964971703981949,2.465094402134141e-05,52219,0.999985199477176,0.93,368,108,H,23,16,5,W3,2,34,mcew1_filt_r16c23,-11.577070616854387,2.9138914586968276,45.0,0.8464,152.62,25438.07,10.0,,ok,167
0.01768149123348308,0.005248275371021563,2.754439437007152e-05,57660,0.9999847366699767,0.92,369,109,V,23,17,5,W3,2,35,mcew1_filt_r17c23,-11.654534510756076,1.7291293299253114,-45.0,0.4369,154.66,22106.17,12.43,,ok,179
0.015252018601429017,0.006109085192970234,3.732092189496816e-05,53989,0.9999779252858071,0.91,370,109,H,23,18,5,W3,2,35,mcew1_filt_r18c23,-11.66931682187045,1.7062110181200785,45.0,0.5323,151.05,29477.18,10.61,,ok,118
0.01649697010234303,0.005451283948440687,2.971649668652708e-05,65756,0.9999780500906205,0.94,372,104,V,23,20,5,W3,2,30,mcew1_filt_r20c23,-10.602583998895883,2.1601081834227167,-45.0,0.9302,204.03,4282.48,9.7,,ok,153
0.015422807335738909,0.00646864391593523,4.1843354111165865e-05,66956,0.9999838629769319,0.93,374,98,H,21,21,5,W3,2,24,mcew1_filt_r21c21,-9.562665600733439,2.5966447275328908,45.0,1.0539,156.6,27110.62,10.0,,ok,122
0.016688972748225683,0.006756001167783865,4.564355177909695e-05,68569,0.9999911858885153,0.91,375,98,V,21,20,5,W3,2,24,mcew1_filt_r20c21,-9.557222501679698,2.62042247603082,-45.0,1.1213,160.82,25828.87,10.06,,ok,155
0.01794260118132686,0.006651535059902033,4.4242918653105945e-05,71149,0.9999940785962383,0.95,377,91,H,21,18,5,W3,2,17,mcew1_filt_r18c21,-8.524523371735901,3.061542682502041,45.0,0.4836,164.56,25130.87,6.05,,ok,164
0.018232219236135126,0.006740884076614454,4.5439518134354306e-05,74472,0.9999948006582984,0.92,380,92,V,21,15,5,W3,2,18,mcew1_filt_r15c21,-8.569557854433183,1.8740876520934098,-45.0,0.9104,166.79,23338.56,9.6,,ok,202
0.018890861058206917,0.006250906662272738,3.90738341004457e-05,76527,0.9999958053388911,0.93,381,92,H,21,14,5,W3,2,18,mcew1_filt_r14c21,-8.57024540378734,1.8523152558784381,45.0,0.9315,169.6,20020.82,10.7,,ok,221
0.02151781864726541,0.0055727959403020656,3.105605459224718e-05,78171,0.9999965980910637,0.93,382,86,H,21,13,5,W3,2,12,mcew1_filt_r13c21,-7.555537148610652,1.1053501783663842,45.0,0.9043,170.41,22695.3,12.71,,good,244
0.022778963346551342,0.0052773270602191604,2.785018090052141e-05,62589,0.9999971478086251,0.97,389,99,V,21,6,5,W3,2,25,mcew1_filt_r06c21,-9.627409831583224,1.4000223724021665,-45.0,0.8956,160.2,25328.44,11.48,,good,226
0.022626185448982282,0.00457785743002933,2.0956778649674747e-05,72290,0.9999964518523268,0.94,390,99,H,21,5,5,W3,2,25,mcew1_filt_r05c21,-9.633311296873071,1.38094287782431,45.0,0.8287,171.7,15108.36,10.47,,good,252
0.02350955410477763,0.005385783042757509,2.9006658983654337e-05,75786,0.9999934868292895,0.94,391,105,H,21,4,5,W3,2,31,mcew1_filt_r04c21,-10.694371837675842,0.9293948394817083,45.0,0.3388,148.51,33601.87,10.36,,good,242
0.023437494828324697,0.005521605890401977,3.0488131608921803e-05,76158,0.9999859372241825,0.93,392,105,V,21,3,5,W3,2,31,mcew1_filt_r03c21,-10.687324456795732,0.9595897152851027,-45.0,0.5064,156.16,23107.59,10.67,,good,241
0.020799162365719215,0.006533966208690239,4.2692714416305896e-05,57335,0.9999510092043936,0.98,393,100,V,21,2,5,W3,2,26,mcew1_filt_r02c21,-9.704759133925885,0.17755962071104214,-45.0,0.7081,161.06,24989.0,14.7,,good,232
0.02063452904845806,0.006602803408322307,4.359701284895268e-05,19269,0.9999447265560067,1.13,394,100,H,21,1,5,W3,2,26,mcew1_filt_r01c21,-9.714499416443108,0.15607370339363624,45.0,0.9106,0.0,0.0,0.0,,ok,204
0.020533752588727642,0.006552334511951104,4.293308755650551e-05,14611,0.9999592703987026,1.09,396,93,V,20,0,5,W3,2,19,mcew1_filt_r00c20,-8.6401462547933,0.6466974633641602,-45.0,0.995,166.99,24542.48,10.21,,good,241
0.021361823297384966,0.00558067521373432,3.1143935841188604e-05,15502,0.9999792549591225,1.04,397,93,H,20,1,5,W3,2,19,mcew1_filt_r01c20,-8.643813184682138,0.6213727288193778,45.0,0.9698,167.43,24514.42,12.27,,ok,220
0.018469141280246126,0.006151817001208183,3.784485241635405e-05,12806,0.9999917969204306,1.04,399,81,H,20,3,5,W3,2,7,mcew1_filt_r03c20,-6.532406413845542,0.37184960903990427,45.0,0.9621,181.84,19692.91,11.38,,ok,186
0.01989200659041292,0.007882249426706742,6.212985602481877e-05,39993,0.9999709344534513,0.96,401,77,V,20,5,5,W3,2,3,mcew1_filt_r05c20,-5.471746943499362,-0.33495112703347923,-45.0,0.3894,183.46,23388.65,11.83,,ok,118
0.017905976318868318,0.006841089870041288,4.680051060998153e-05,27618,0.9999818711548301,0.96,404,82,H,20,8,5,W3,2,8,mcew1_filt_r08c20,-6.5779565585584425,-0.8734168628974269,45.0,0.9731,182.28,23829.62,10.83,,ok,126
0.014867984707829091,0.007581941960171879,5.748584388741499e-05,43931,0.9999819163268377,0.94,405,82,V,20,9,5,W3,2,8,mcew1_filt_r09c20,-6.5783003332355205,-0.8568583826181461,-45.0,1.0439,183.79,19502.07,11.2,,ok,108
0.01574284055574928,0.006162406657374087,3.797525581084847e-05,47248,0.9999941450553584,0.96,406,87,H,20,10,5,W3,2,13,mcew1_filt_r10c20,-7.606129321920705,-0.13412941984012572,45.0,0.9636,176.19,25019.35,10.93,,ok,114
0.016279350744294027,0.0058747631472630705,3.45128420364403e-05,50105,0.9999966619771303,0.98,407,87,V,20,11,5,W3,2,13,mcew1_filt_r11c20,-7.604410448535313,-0.1192898129462374,-45.0,0.9154,171.92,20443.72,12.78,,ok,148
0.016090555345848363,0.004958156060785571,2.4583311523104694e-05,58255,0.9999970244570048,0.96,408,94,V,20,12,5,W3,2,20,mcew1_filt_r12c20,-8.690050878749195,-0.5767393165786867,-45.0,1.0315,166.77,24452.29,10.24,,ok,158
0.015803039582694637,0.004557076042874978,2.0766942060545066e-05,64287,0.9999970265608226,0.98,409,94,H,20,13,5,W3,2,20,mcew1_filt_r13c20,-8.693259442401928,-0.5974803887624225,45.0,1.0398,169.41,21907.11,19.56,,ok,187
0.016124130702064515,0.0037729857665961377,1.4235421594937043e-05,23313,0.9999967419322131,1.01,411,95,H,20,15,5,W3,2,21,mcew1_filt_r15c20,-8.744825643963702,-1.8128384637939248,45.0,0.7002,170.62,26446.38,10.71,,ok,176
0.016696663423044534,0.003943639362334927,1.555229142015743e-05,50749,0.9999976273401598,0.94,412,95,V,20,16,5,W3,2,21,mcew1_filt_r16c20,-8.74809150339595,-1.799717730285429,-45.0,1.0762,166.2,26607.98,8.09,,good,234
0.016457551963049537,0.0037271202428571467,1.3891425304715518e-05,66355,0.9999978169970046,0.94,414,101,H,20,18,5,W3,2,27,mcew1_filt_r18c20,-9.773227590444018,-1.0394600319263394,45.0,1.0972,161.97,25446.05,10.86,,ok,211
0.016467836954229195,0.003990973904118019,1.5927872703351027e-05,63304,0.9999977834393186,0.9,415,101,V,20,19,5,W3,2,27,mcew1_filt_r19c20,-9.773055703105477,-1.0181460019474728,-45.0,1.1575,159.75,25240.84,11.45,,ok,199
0.016548411887837528,0.003943624145545661,1.5552171401330747e-05,62705,0.9999978866978887,0.95,417,106,H,20,21,5,W3,2,32,mcew1_filt_r21c20,-10.78358136637771,-0.2819525309838781,45.0,0.8126,157.41,25251.31,12.7,,ok,208
0.016745635553948812,0.004296966310185966,1.846391947087319e-05,71608,0.9999978310444375,0.97,418,106,V,22,21,5,W3,2,32,mcew1_filt_r21c22,-10.774929703671235,-0.25255979609366686,-45.0,0.4828,155.74,24037.37,10.62,,ok,218
0.016885734464991753,0.0041744526834375,1.7426055206258543e-05,73384,0.9999978483411309,0.94,419,110,V,22,20,5,W3,2,36,mcew1_filt_r20c22,-11.777376662032124,0.5716972879815354,-45.0,0.0695,153.88,23084.52,7.61,,ok,222
0.016304828824540228,0.004839883815626351,2.3424475348761883e-05,74274,0.9999972098353598,0.93,420,110,H,22,19,5,W3,2,36,mcew1_filt_r19c22,-11.767865562632952,0.5051195921873337,45.0,0.4955,235.02,2064.18,8.16,,ok,185
0.016555286403972403,0.004514444738748166,2.0380211299210996e-05,75741,0.9999963537126421,0.94,422,111,V,22,17,5,W3,2,37,mcew1_filt_r17c22,-11.809462298559449,-0.6993522847366829,-45.0,0.1697,155.32,24454.91,11.56,,ok,160
0.016734973953949617,0.0041832190229474505,1.7499321393949424e-05,77671,0.9999963220172002,0.96,423,111,H,22,16,5,W3,2,37,mcew1_filt_r16c22,-11.846704555242953,-0.6919038333999822,45.0,0.8035,164.99,15748.14,9.85,,ok,172
0.01762422396707418,0.004359542539124624,1.9005611150437178e-05,80311,0.9999957958637115,0.95,424,107,H,22,15,5,W3,2,33,mcew1_filt_r15c22,-10.81291680548841,-1.4541668840420294,45.0,0.2278,156.12,25177.09,11.27,,ok,186
0.01806815510431207,0.004102820836404919,1.683313881563836e-05,80499,0.9999960796173927,0.95,425,107,V,22,14,5,W3,2,33,mcew1_filt_r14c22,-10.850159062171914,-1.449067559665365,-45.0,1.056,157.7,25625.37,10.19,,ok,191
0.01883428424184976,0.005009407967946926,2.5094168189330153e-05,80037,0.999995936258293,0.93,426,102,H,22,13,5,W3,2,28,mcew1_filt_r13c22,-9.84055013137189,-2.258599628405705,45.0,0.7162,160.19,25164.72,11.25,,ok,196
0.018267532293802534,0.004846193324524765,2.3485589738668394e-05,81331,0.9999958855210738,0.94,427,102,V,22,12,5,W3,2,28,mcew1_filt_r12c22,-9.846451596661737,-2.2413535987722675,-45.0,1.0294,163.13,26130.11,10.64,,ok,196
0.01832782177290507,0.004454491493230005,1.984249446325848e-05,81334,0.9999964032074296,0.94,428,96,H,22,11,5,W3,2,22,mcew1_filt_r11c22,-8.820055002464379,-3.0286549050615315,45.0,0.3185,167.58,27651.58,10.75,,good,233
0.01772535757321308,0.004453482854426701,1.9833509534672598e-05,77088,0.9999962782216971,0.96,429,96,V,22,10,5,W3,2,22,mcew1_filt_r10c22,-8.81948204466925,-3.0110651007510154,-45.0,1.0479,176.26,21535.46,10.87,,good,235
0.01736181390208011,0.0034516363994530883,1.1913793834029479e-05,58519,0.9999958566615128,0.97,433,88,H,22,6,5,W3,2,14,mcew1_filt_r06c22,-7.67259242615588,-1.3448465367310682,45.0,0.9492,172.17,26210.11,12.81,,ok,223
0.01656096962361976,0.0037364662400996215,1.3961179963404204e-05,67815,0.9999962213402576,0.97,434,88,V,22,5,5,W3,2,14,mcew1_filt_r05c22,-7.669899524518766,-1.3211260840126522,-45.0,0.9717,186.62,16393.94,8.51,,good,239
0.01629172448520873,0.0030101855303548575,9.061216927157754e-06,8068,0.9999956471987735,1.1,436,83,H,22,3,5,W3,2,9,mcew1_filt_r03c22,-6.6234494074918295,-2.0822432190644378,45.0,0.6593,186.25,18023.32,11.34,,good,225
0.016715798382852795,0.003996451258760774,1.5971622663650573e-05,35708,0.9999965634630292,1.06,440,223,V,27,0,6,W6,6,1,mcew1_filt_r00c27,1.098990346840432,5.6381338872053535,-45.0,0.5263,163.1,23731.69,11.6,,ok,193
0.016940096336621885,0.004689027208326686,2.198697616042795e-05,46736,0.9999967724532888,0.86,441,223,H,27,1,6,W6,6,1,mcew1_filt_r01c27,1.114345615749938,5.655093437941225,45.0,0.2437,162.22,24381.1,11.38,,ok,179
0.01750136115275805,0.004873737459454284,2.37533168236879e-05,49020,0.9999967847153108,0.83,442,227,H,27,2,6,W6,6,5,mcew1_filt_r02c27,2.150425196685006,5.085172319124595,45.0,0.1143,162.0,24315.6,11.38,,ok,180
0.01887632611384454,0.0039821882387736955,1.5857823169027548e-05,8976,0.9999952033187083,1.22,443,227,V,27,3,6,W6,6,5,mcew1_filt_r03c27,2.131689476784228,5.067525219034565,-45.0,0.4262,160.83,22439.03,11.25,,bad,91
0.01942510155864681,0.005180786158698384,2.6840545222160758e-05,59926,0.9999958826379154,0.93,444,233,H,27,4,6,W6,6,11,mcew1_filt_r04c27,3.1713213960491067,5.765273221944883,45.0,0.3133,155.47,22956.98,10.86,,ok,203
0.020178816050514747,0.005029920049486678,2.5300095704228066e-05,54247,0.9999936195355734,0.92,447,232,V,27,7,6,W6,6,10,mcew1_filt_r07c27,3.1838691717624714,4.507287086955647,-45.0,0.9249,152.67,21552.84,10.73,,ok,186
0.020285100468257364,0.005484796475642792,3.008299237922359e-05,53567,0.9999911377008863,1.03,448,232,H,27,8,6,W6,6,10,mcew1_filt_r08c27,3.193265679602617,4.51662629901628,45.0,0.1896,155.87,22222.7,10.56,,ok,175
0.020859880814934208,0.006142626100601055,3.7731855411785325e-05,52819,0.9999870345389981,0.94,449,238,H,27,9,6,W6,6,16,mcew1_filt_r09c27,4.2667594045597275,3.973175830334694,45.0,0.4148,153.53,21558.25,10.51,,ok,157
0.021237036921283665,0.005842554769069199,3.413544622957324e-05,61022,0.9999905743210693,0.94,450,238,V,27,10,6,W6,6,16,mcew1_filt_r10c27,4.250029036941908,3.956044392260282,-45.0,1.1615,150.29,22232.68,10.22,,ok,173
0.021489329922348335,0.005070183767677943,2.5706763438024903e-05,62721,0.9999933631322104,0.93,451,245,H,27,11,6,W6,6,23,mcew1_filt_r11c27,5.283014645783268,4.694300511286348,45.0,1.1086,147.56,24202.67,10.38,,ok,189
0.02146739436471446,0.005120175199579943,2.6216194074393506e-05,68241,0.9999929786046156,0.94,452,245,V,27,12,6,W6,6,23,mcew1_filt_r12c27,5.271440898321626,4.672528115071376,-45.0,0.4797,144.39,24247.57,10.0,,ok,198
0.0207563105614246,0.00487934747657388,2.3808031797147892e-05,69854,0.9999957391665839,0.95,453,251,H,27,13,6,W6,6,29,mcew1_filt_r13c27,6.278700702161613,5.42579572832987,45.0,0.3428,141.61,23511.33,10.18,,ok,214
0.020072056980577405,0.004758117090072358,2.2639678242838636e-05,73764,0.999996136412054,0.95,455,256,V,27,15,6,W6,6,34,mcew1_filt_r15c27,7.251124672057647,6.1460609725888276,-45.0,0.3025,140.88,24458.91,9.82,,ok,214
0.019502689902224275,0.004225254592351597,1.7852776370188262e-05,77277,0.9999964603414221,0.92,456,256,H,27,16,6,W6,6,34,mcew1_filt_r16c27,7.267797743895953,6.167947960362825,45.0,0.3549,141.55,24912.2,9.82,,good,234
0.019077780909229267,0.004308652098987395,1.8564482910108485e-05,77241,0.9999960960802988,0.93,457,257,V,27,17,6,W6,6,35,mcew1_filt_r17c27,7.151888381940988,7.393218205250092,-45.0,0.3816,139.52,26283.0,9.83,,good,227
0.018953811615193508,0.004236607727554515,1.7948845037174633e-05,79799,0.9999966042512946,0.94,458,257,H,27,18,6,W6,6,35,mcew1_filt_r18c27,7.199844949393437,7.403416854003419,45.0,0.5061,140.26,26368.17,9.82,,good,235
0.019004189832291456,0.004395220676836557,1.9317964798091606e-05,80700,0.9999966756308822,0.94,459,252,H,27,19,6,W6,6,30,mcew1_filt_r19c27,6.227879345733509,6.677192848675101,45.0,0.373,141.54,24683.88,10.0,,good,236
0.017907255874370757,0.004675495043394433,2.1860253900805912e-05,80240,0.9999966139210432,0.93,460,252,V,27,20,6,W6,6,30,mcew1_filt_r20c27,6.208284189140035,6.652211888807397,-45.0,0.4621,142.7,24353.48,10.0,,good,230
0.01683348606652558,0.004885107615214046,2.3864276412222267e-05,81380,0.9999967756756282,0.93,462,246,H,25,21,6,W6,6,24,mcew1_filt_r21c25,5.226463711403856,5.947473800796485,45.0,0.7416,144.33,23524.14,10.19,,good,234
0.015618109379702268,0.004906539908744044,2.4074133876098013e-05,81178,0.9999965589323622,0.94,463,246,V,25,20,6,W6,6,24,mcew1_filt_r20c25,5.2122543580846115,5.928680785116193,-45.0,0.9049,146.49,23793.01,10.43,,good,225
0.015671231905392907,0.005154164438300091,2.6565411057037293e-05,81415,0.9999970261565729,0.94,465,239,H,25,18,6,W6,6,17,mcew1_filt_r18c25,4.221381147185367,5.226521007183369,45.0,0.9729,149.46,24156.88,10.53,,ok,223
0.015127555502952115,0.0051852331817206394,2.688664314881675e-05,81747,0.9999971050062271,0.94,466,239,V,25,17,6,W6,6,17,mcew1_filt_r17c25,4.210781427975446,5.205837230779147,-45.0,0.8541,152.91,22452.78,10.81,,ok,203
0.016249613551054413,0.0052217709864985345,2.726689223543788e-05,80622,0.9999972081017172,0.93,468,240,V,25,15,6,W6,6,18,mcew1_filt_r15c25,4.161793536491761,6.460958576792728,-45.0,0.444,151.2,24288.23,10.83,,ok,198
0.01722000047952585,0.004842236688324093,2.3447256145751878e-05,78080,0.9999973383798588,0.93,469,240,H,25,14,6,W6,6,18,mcew1_filt_r14c25,4.178065537873476,6.475855479466129,45.0,0.3706,150.79,24596.26,10.88,,ok,216
0.017732881110501496,0.004594126289862396,2.110599636720482e-05,81740,0.9999973416559995,0.94,470,234,H,25,13,6,W6,6,12,mcew1_filt_r13c25,3.1378606608134665,7.016727638069627,45.0,0.4841,152.34,23257.12,11.0,,good,234
0.018812776572485763,0.00445895771235764,1.9882303880593683e-05,80875,0.9999973922048431,0.93,471,234,V,25,12,6,W6,6,12,mcew1_filt_r12c25,3.129266293886504,7.003721496120157,-45.0,0.8703,157.12,22732.75,11.1,,good,251
0.018732469055600616,0.0044738758690935345,2.001556529205743e-05,80832,0.999997301126287,0.94,472,228,H,25,11,6,W6,6,6,mcew1_filt_r11c25,2.1385076745462848,6.342299017421134,45.0,0.6298,160.05,22628.85,11.37,,good,246
0.018969790235666112,0.004096703189424932,1.678297702224441e-05,80943,0.9999974858467264,0.93,473,228,V,25,10,6,W6,6,6,mcew1_filt_r10c25,2.129856011839809,6.327745889424811,-45.0,0.752,163.31,23856.04,11.67,,good,256
0.01934514379297089,0.003906419408605086,1.526011259592651e-05,82027,0.9999977412879321,0.94,477,247,V,25,6,6,W6,6,25,mcew1_filt_r06c25,5.1597714240506285,7.16959277781053,-45.0,0.7444,144.13,25882.58,10.42,,good,262
0.019905429117499318,0.0037818318665484322,1.43022522668412e-05,70497,0.9999978916662656,0.95,478,247,H,25,5,6,W6,6,25,mcew1_filt_r05c25,5.172892157559125,7.187927427254717,45.0,0.8406,145.36,26604.69,10.51,,good,270
0.020227830442198894,0.003642366854537709,1.3266836303034924e-05,81423,0.9999979762882546,0.93,480,253,V,25,3,6,W6,6,31,mcew1_filt_r03c25,6.149097648903021,7.877539429474176,-45.0,0.6651,141.84,25115.11,10.2,,good,276
0.020626240851967986,0.0034545862107065923,1.1934165887204131e-05,81655,0.9999980685035507,0.94,481,248,V,25,2,6,W6,6,26,mcew1_filt_r02c25,5.108892771843011,8.408900488678501,-45.0,0.7334,142.94,26775.94,10.43,,good,277
0.020016377858646253,0.0037195838605527287,1.3835304095684342e-05,79348,0.9999980526142591,0.94,482,248,H,25,1,6,W6,6,26,mcew1_filt_r01c25,5.126597167712554,8.424026574469954,45.0,0.9431,145.01,26310.86,10.7,,good,269
0.018184124295608346,0.0034749866681520695,1.207553234383462e-05,26150,0.9999975529427688,0.94,485,241,H,24,1,6,W6,6,19,mcew1_filt_r01c24,4.14151083054413,7.72576290954402,45.0,0.4794,150.19,25156.44,10.9,,good,273
0.019354673797153617,0.0036580760949932027,1.338152071676072e-05,65580,0.9999978945547764,0.93,487,229,H,24,3,6,W6,6,7,mcew1_filt_r03c24,2.1071668831526282,7.584299629926219,45.0,0.6476,159.14,23982.35,11.18,,good,247
0.019240842246099423,0.003763854605063056,1.4166601488054374e-05,73410,0.9999977774330399,0.93,488,229,V,24,4,6,W6,6,7,mcew1_filt_r04c24,2.093473191849002,7.57203833311042,-45.0,0.8302,161.54,24625.67,11.29,,good,236
0.019482504458797612,0.003545464223181943,1.2570316557863137e-05,66653,0.9999977892204468,0.95,489,225,V,24,5,6,W6,6,3,mcew1_filt_r05c24,1.0638107382193995,8.157887678631688,-45.0,0.6391,159.92,24862.71,11.39,,good,227
0.019767163597939202,0.003662325017479295,1.3412624533654718e-05,71872,0.9999978076615337,0.95,492,230,H,24,8,6,W6,6,8,mcew1_filt_r08c24,2.0749093592867633,8.829623397643065,45.0,0.7179,160.76,27919.9,11.15,,good,230
0.020464224820605448,0.004195317855600147,1.7600691909517414e-05,72951,0.9999979793151,0.94,493,230,V,24,9,6,W6,6,8,mcew1_filt_r09c24,2.0736488521374756,8.838790722365157,-45.0,0.8381,158.01,25170.16,10.77,,good,234
0.022009262924363955,0.004271752999365338,1.8247873687586765e-05,71524,0.9999981574373427,0.94,494,235,H,24,10,6,W6,6,13,mcew1_filt_r10c24,3.114483982772129,8.273052195452982,45.0,0.7998,154.35,23500.33,10.81,,good,225
0.02195608720252031,0.003837419172766575,1.4725785907516505e-05,73600,0.9999982184003473,0.95,495,235,V,24,11,6,W6,6,13,mcew1_filt_r11c24,3.099873558996293,8.255806165819545,-45.0,0.7444,151.28,24721.93,10.81,,good,245
0.022580844236442087,0.003652851308919813,1.334332268507719e-05,72912,0.9999983550682148,0.95,496,242,V,24,12,6,W6,6,20,mcew1_filt_r12c24,4.087652797801832,8.931839068294403,-45.0,0.6277,148.48,25820.09,10.76,,good,241
0.023001974885128246,0.003349652121663525,1.1220169336164956e-05,75074,0.9999984148135193,0.94,497,242,H,24,13,6,W6,6,20,mcew1_filt_r13c24,4.095903390051716,8.958309718429447,45.0,0.9352,149.88,24928.06,10.76,,good,253
0.022786184855478495,0.0033066339363776137,1.0933827989204111e-05,78257,0.9999984368558478,0.95,499,243,H,24,15,6,W6,6,21,mcew1_filt_r15c24,4.056254710628663,10.191887851346111,45.0,0.9952,148.81,24610.49,10.54,,good,267
0.022887886579542598,0.0032573855398055182,1.0610560554934088e-05,78446,0.9999984826532624,0.94,500,243,V,24,16,6,W6,6,21,mcew1_filt_r16c24,4.039237864113278,10.170573821367244,-45.0,1.1334,147.06,24870.64,10.73,,good,259
0.022555747871329614,0.003133524168358561,9.818973713687212e-06,79347,0.9999984760757035,0.95,502,249,H,24,18,6,W6,6,27,mcew1_filt_r18c24,5.075947698622989,9.655198284647067,45.0,0.9816,137.23,25379.87,10.78,,good,266
0.022288496115407196,0.003245833248558315,1.0535433477446625e-05,80126,0.999998478204156,0.93,506,254,V,26,21,6,W6,6,32,mcew1_filt_r21c26,6.077420628732155,9.099772998047246,-45.0,0.3377,139.98,25498.66,9.94,,good,270
0.022159846680631798,0.003207079647365216,1.0285359864544197e-05,81246,0.9999984949356031,0.94,507,258,V,26,20,6,W6,6,36,mcew1_filt_r20c26,7.103129673575355,8.604909350392756,-45.0,1.3234,138.6,26573.3,9.67,,good,275
0.022170825236599388,0.004323347687816574,1.8691335229748916e-05,81453,0.999998465616065,0.94,508,258,H,26,19,6,W6,6,36,mcew1_filt_r19c26,7.122266463932724,8.627254704402858,45.0,1.0811,140.17,27381.04,9.81,,good,260
0.02150846567399248,0.005110822022310185,2.612050174373077e-05,81831,0.9999983534594472,0.94,510,259,V,26,17,6,W6,6,37,mcew1_filt_r17c26,7.045318232046655,9.827830468319986,-45.0,0.3208,140.05,23839.61,10.87,,good,253
0.02085111591854533,0.005978540634952345,3.574294812377639e-05,81683,0.9999983892517322,0.94,511,259,H,26,16,6,W6,6,37,mcew1_filt_r16c26,7.0619913038849615,9.852066583054018,45.0,0.4094,139.59,26542.22,9.81,,good,231
0.019991930866226037,0.006138251020428189,3.7678125589787695e-05,82051,0.9999982616005911,0.94,512,255,H,26,15,6,W6,6,33,mcew1_filt_r15c26,6.052325077305425,10.3582747950521,45.0,0.4606,140.91,25200.42,10.0,,ok,214
0.01975422827356693,0.005803322137161548,3.367854782766928e-05,81878,0.9999981706262059,0.94,513,255,V,26,14,6,W6,6,33,mcew1_filt_r14c26,6.031297526224123,10.331460370239979,-45.0,0.8394,142.63,24758.63,10.2,,ok,213
0.01788736249467965,0.005584384959269294,3.118535537331311e-05,81558,0.9999980372076718,0.94,514,250,H,26,13,6,W6,6,28,mcew1_filt_r13c26,5.036299019199936,10.888489938666163,45.0,0.5695,144.74,25173.21,10.22,,ok,218
0.015846617315047645,0.005559283423117181,3.090563217854548e-05,81771,0.9999979002868303,0.94,515,250,V,26,12,6,W6,6,28,mcew1_filt_r12c26,5.010458622639536,10.859498274232546,-45.0,0.903,146.17,24348.8,10.21,,ok,195
0.015615264477843019,0.00571385979706639,3.2648193780531575e-05,81978,0.9999979564699568,0.94,516,244,H,26,11,6,W6,6,22,mcew1_filt_r11c26,4.0038290723741925,11.404896799417577,45.0,0.8712,147.87,22976.6,10.0,,ok,168
0.015893738870298938,0.006096945614306427,3.717274582381038e-05,81739,0.9999979237105052,0.93,517,244,V,26,10,6,W6,6,22,mcew1_filt_r10c26,3.9974119450687273,11.384213023013354,-45.0,0.6491,150.83,24388.83,10.69,,ok,181
0.017357484414362037,0.006424938760094931,4.1279838070970195e-05,82172,0.9999981076476813,0.94,520,237,H,26,7,6,W6,6,15,mcew1_filt_r07c26,3.041947525908567,10.738317700562376,45.0,0.918,151.72,24427.79,10.51,,ok,197
0.01874733888811578,0.006365521153121895,4.05198595508423e-05,81267,0.9999982779864276,0.94,521,236,H,26,6,6,W6,6,14,mcew1_filt_r06c26,3.0821118673472374,9.516886272902488,45.0,0.8744,151.71,24489.83,10.55,,ok,205
0.01948428929822531,0.006677160276098722,4.4584469352710755e-05,81583,0.999998376137879,0.94,522,236,V,26,5,6,W6,6,14,mcew1_filt_r05c26,3.0641209925801296,9.494025256876766,-45.0,0.8589,156.1,23595.91,10.7,,ok,214
0.02046203710912459,0.006061198234762306,3.67381240410857e-05,61895,0.9999985610324884,0.96,524,231,V,26,3,6,W6,6,9,mcew1_filt_r03c26,2.0392713844296257,10.05506552986887,-45.0,0.7636,161.48,26658.71,11.22,,good,232
0.02037265205188812,0.005695031158129116,3.243337989206146e-05,78188,0.9999984842544081,0.94,525,226,V,26,2,6,W6,6,4,mcew1_filt_r02c26,1.0528672443324008,9.405617869088081,-45.0,0.602,162.07,25441.5,11.56,,good,241
0.021310026801533242,0.0048693361315950276,2.371043436245683e-05,80726,0.999998582414366,0.94,530,190,H,31,2,7,W2-1,5,5,mcew1_filt_r02c31,-6.283341660302173,5.417315952961934,45.0,1.2008,177.94,15383.91,13.14,,good,254
0.02122693402644163,0.004188479080816423,1.7543357010436792e-05,78500,0.9999986522544135,0.94,531,190,V,31,3,7,W2-1,5,5,mcew1_filt_r03c31,-6.282940589845581,5.437082996893946,-45.0,1.1783,166.94,16068.4,13.14,,good,256
0.021762078086600863,0.004609372402817932,2.124631394785956e-05,78566,0.9999986241177357,0.95,532,196,H,31,4,7,W2-1,5,11,mcew1_filt_r04c31,-5.227896105891684,5.94162963128615,45.0,1.2237,161.66,16606.72,12.66,,good,250
0.022326080661343544,0.004386286371661345,1.9239508134222047e-05,78211,0.9999987100493398,0.94,534,196,V,31,6,7,W2-1,5,11,mcew1_filt_r06c31,-5.226406415624343,5.957385970652248,-45.0,0.2278,160.84,16167.83,12.74,,good,260
0.021646057269722217,0.004194147874343188,1.759087639185748e-05,79832,0.9999986441300022,0.93,535,195,V,31,7,7,W2-1,5,10,mcew1_filt_r07c31,-5.278545574981249,4.708395273046566,-45.0,1.1933,161.8,12471.26,13.65,,good,267
0.021787303428653506,0.0038913673919866846,1.5142740179417251e-05,80123,0.9999986799948145,0.94,536,195,H,31,8,7,W2-1,5,10,mcew1_filt_r08c31,-5.277858025627092,4.695045356420018,45.0,1.3129,160.1,15571.23,12.5,,good,271
0.02112777020147475,0.004192560709790918,1.757756530528252e-05,80040,0.9999985254311092,0.94,537,201,H,31,9,7,W2-1,5,16,mcew1_filt_r09c31,-4.229287964758172,3.9833171833085093,45.0,0.3194,163.97,14965.55,12.51,,good,263
0.020109788612599114,0.0038036753078896117,1.4467945847849134e-05,80406,0.9999984389221522,0.94,538,201,V,31,10,7,W2-1,5,16,mcew1_filt_r10c31,-4.249914445382881,4.003084227240523,-45.0,1.0031,155.5,16006.31,12.4,,good,272
0.0198299539744666,0.00369526367488562,1.3654973626929178e-05,81704,0.9999984569098661,0.94,539,208,H,31,11,7,W2-1,5,23,mcew1_filt_r11c31,-3.182665960392697,4.537883033215633,45.0,1.317,151.09,16025.19,12.45,,good,273
0.01876471648386952,0.003777462584924022,1.4269223580500876e-05,81089,0.9999982497298024,0.94,541,214,H,31,13,7,W2-1,5,29,mcew1_filt_r13c31,-2.1332937586105944,5.109465729638143,45.0,1.3702,150.41,16560.16,12.31,,good,269
0.01844358009495762,0.0038557668459036644,1.4866937969969892e-05,81484,0.999998187933892,0.94,542,214,V,31,14,7,W2-1,5,29,mcew1_filt_r14c31,-2.135986660247709,5.11668499785679,-45.0,1.165,147.69,16758.98,12.33,,good,264
0.018454296778466526,0.004133270830706377,1.708392775996818e-05,81669,0.9999982787302616,0.94,550,209,V,29,21,7,W2-1,5,24,mcew1_filt_r21c29,-3.162211367106526,5.801999816612769,-45.0,1.2935,0.0,0.0,0.0,,good,249
0.018495286818193436,0.003979262649730064,1.583453123553673e-05,82006,0.9999984507980446,0.94,553,202,H,29,18,7,W2-1,5,17,mcew1_filt_r18c29,-4.211468977329603,5.236719655936698,45.0,1.4329,0.0,0.0,12.6,,good,240
0.018659593461542636,0.0035852740105763864,1.2854189730914488e-05,81757,0.9999984870027258,0.94,558,197,H,29,13,7,W2-1,5,12,mcew1_filt_r13c29,-5.140749225252285,7.203397287723249,45.0,0.3083,164.19,16109.87,12.63,,good,239
0.018562444037137363,0.00377303443240783,1.4235788828135074e-05,82215,0.9999983804152094,0.94,561,191,V,29,10,7,W2-1,5,6,mcew1_filt_r10c29,-6.223181091813436,6.676849073998023,-45.0,1.144,174.91,16076.47,13.19,,good,238
0.01900463530869341,0.003368141022529342,1.1344373947645e-05,81940,0.9999984793530845,0.94,564,187,H,29,7,7,W2-1,5,2,mcew1_filt_r07c29,-7.1984698506851235,7.368924794736544,45.0,1.1211,171.79,16212.34,13.22,,good,236
0.019600507890306852,0.003994147518564344,1.595321440005371e-05,81989,0.9999984313954613,0.94,565,210,V,29,6,7,W2-1,5,25,mcew1_filt_r06c29,-3.139006576403728,7.051334288895529,-45.0,1.0156,156.01,15638.46,12.26,,good,235
0.019676993942032293,0.003576273880629799,1.2789734869274923e-05,82294,0.9999984395326662,0.94,566,210,H,29,5,7,W2-1,5,25,mcew1_filt_r05c29,-3.165133451861694,7.008190566922177,45.0,0.3868,155.78,15893.71,12.47,,good,261
0.019905909947965615,0.0037428144064259143,1.4008659680949368e-05,82081,0.9999984760721604,0.94,567,216,H,29,4,7,W2-1,5,31,mcew1_filt_r04c29,-2.0680338657451935,7.6496168185711335,45.0,0.4036,153.95,17552.72,11.25,,good,260
0.02001822678414538,0.0035561471303899744,1.264618241298085e-05,82132,0.9999984645727285,0.94,568,216,V,29,3,7,W2-1,5,31,mcew1_filt_r03c29,-2.1327208008154632,7.65809659393907,-45.0,0.4052,155.87,15012.37,12.62,,good,267
0.0203655119489247,0.003421485981902869,1.1706566324357841e-05,81920,0.9999983293984431,0.94,569,211,V,29,2,7,W2-1,5,26,mcew1_filt_r02c29,-3.1288079276503993,8.316253213205847,-45.0,0.2619,157.28,16051.45,12.35,,good,270
0.020445858206056926,0.003099386826413958,9.606198699748388e-06,81816,0.9999981197375338,0.94,570,211,H,29,1,7,W2-1,5,26,mcew1_filt_r01c29,-3.1016497281611985,8.28657399941807,45.0,1.1747,157.04,16064.0,12.37,,good,266
0.02026160152390706,0.003146408011288739,9.899883373501958e-06,81986,0.9999980728485096,0.94,577,188,V,28,5,7,W2-1,5,3,mcew1_filt_r05c28,-7.130001394166991,8.615967435838781,-45.0,1.1833,170.28,17416.36,13.45,,good,276
0.020103244988288298,0.003154253616018894,9.949315874168267e-06,81279,0.9999979528179125,0.93,578,188,H,28,6,7,W2-1,5,3,mcew1_filt_r06c28,-7.12776685876598,8.592017800002312,45.0,1.1704,173.02,17045.26,13.07,,good,281
0.020509206391667867,0.003005077258697959,9.030489330743641e-06,82049,0.9999981784397065,0.94,582,198,H,28,10,7,W2-1,5,13,mcew1_filt_r10c28,-5.098235756853579,8.419901278345012,45.0,0.2468,169.2,16062.33,12.52,,good,284
0.02036417478946284,0.0035863150822343115,1.2861655869061295e-05,82040,0.9999982357373498,0.94,583,198,V,28,11,7,W2-1,5,13,mcew1_filt_r11c28,-5.157422297090592,8.460810464917353,-45.0,0.1383,163.97,6900.87,12.7,,good,280
0.0206159515354857,0.0038284687275294375,1.4657172797670872e-05,81909,0.999998242963773,0.94,584,205,V,28,12,7,W2-1,5,20,mcew1_filt_r12c28,-4.058088175573082,8.930521265365602,-45.0,0.4073,161.87,15866.61,12.49,,good,283
0.02040817071619011,0.004380522959278074,1.918898139676233e-05,82015,0.9999980448664724,0.94,585,205,H,28,13,7,W2-1,5,20,mcew1_filt_r13c28,-4.0536191047710615,8.977503804566329,45.0,0.4074,166.61,15496.75,12.46,,good,282
0.02018521815717478,0.0049436757855383555,2.4439930272518273e-05,81869,0.999997451636219,0.94,588,206,V,28,16,7,W2-1,5,21,mcew1_filt_r16c28,-4.052702372298852,10.199450894241837,-45.0,1.1603,161.53,16226.22,13.24,,good,277
0.020262649896419755,0.005105461441043069,2.6065736525977565e-05,82085,0.9999975407416015,0.94,590,212,H,28,18,7,W2-1,5,27,mcew1_filt_r18c28,-3.0603967669117793,9.527027625876302,45.0,1.2872,159.73,16115.8,12.68,,good,276
0.020491777256335858,0.004558820397553655,2.078284341715126e-05,82129,0.9999978940787688,0.94,595,221,V,30,20,7,W2-1,5,36,mcew1_filt_r20c30,-1.0745250489883458,8.220454669859972,-45.0,1.3433,152.37,16362.44,12.8,,good,287
0.020790841469297765,0.004733038013495232,2.2401648837190892e-05,82249,0.9999981177922707,0.94,596,221,H,30,19,7,W2-1,5,36,mcew1_filt_r19c30,-1.068394400580446,8.215985599057953,45.0,1.25,159.98,16105.19,12.79,,good,280
0.021173584129449627,0.005082311046640281,2.582988557480183e-05,82119,0.9999983544059187,0.94,598,222,V,30,17,7,W2-1,5,37,mcew1_filt_r17c30,-1.0500024553567466,9.464460634648017,-45.0,1.2982,155.69,17526.89,12.74,,good,265
0.02190600989326116,0.004630314858719246,2.1439815690876232e-05,82329,0.9999985353592569,0.94,604,207,H,30,11,7,W2-1,5,22,mcew1_filt_r11c30,-3.9948336349906386,11.405068686756115,45.0,1.1259,162.68,15693.51,13.42,,good,254
0.022550627121412,0.0045676590867792565,2.0863509533037114e-05,81698,0.9999986964832268,0.94,605,207,V,30,10,7,W2-1,5,22,mcew1_filt_r10c30,-4.000391325603408,11.41669972999727,-45.0,1.1413,166.58,15686.75,13.05,,good,249
0.02291696153568922,0.004113924322046784,1.6924373327528087e-05,82209,0.9999988576864933,0.94,607,200,V,30,8,7,W2-1,5,15,mcew1_filt_r08c30,-5.015271468118635,10.879551797062124,-45.0,1.0789,166.93,16475.57,12.72,,good,250
0.023370579468931466,0.004383791768237014,1.9217630267262604e-05,82160,0.9999989567001027,0.94,608,200,H,30,7,7,W2-1,5,15,mcew1_filt_r07c30,-5.013839073630808,10.863566274577973,45.0,1.1013,169.5,15997.6,12.94,,good,245
0.023641682358635535,0.00416455838875423,1.7343546573343226e-05,82188,0.9999989608002178,0.94,609,199,H,30,6,7,W2-1,5,14,mcew1_filt_r06c30,-5.070504599569246,9.643624537185424,45.0,1.1939,163.51,15642.45,12.67,,good,243
0.023457355670665425,0.004089042130155897,1.6720265542189873e-05,82297,0.9999989212675745,0.94,612,194,H,30,3,7,W2-1,5,9,mcew1_filt_r03c30,-6.040808625623296,10.328423693925785,45.0,1.162,170.45,16704.23,13.43,,good,254
0.02415395113344457,0.0037487447275270703,1.405308703216201e-05,81971,0.9999990433318622,0.94,613,194,V,30,2,7,W2-1,5,9,mcew1_filt_r02c30,-6.040579442505242,10.346529160251919,-45.0,1.129,179.11,16293.25,13.24,,good,263
0.024697106605105847,0.004040993816072256,1.6329631021534215e-05,82130,0.9999990909961441,0.94,614,189,V,30,1,7,W2-1,5,4,mcew1_filt_r01c30,-7.058725444452716,9.83333086315324,-45.0,1.2218,182.92,7747.06,13.36,,good,264
0.025054489291843236,0.005670737711679787,3.2157266194667306e-05,82040,0.9999991017913517,0.94,615,189,H,30,0,7,W2-1,5,4,mcew1_filt_r00c30,-7.063882064608893,9.8046829733967,45.0,1.0631,176.61,17317.38,13.74,,good,265
